reliability,paper,subj_id,experiment,stimuli,training,hab,first.test,goal,mitten,causal,ageday,sex,H1,H2,H3,H4,H5,H6,H7,H8,H9,H10,H11,H12,n_hab,total_hab,firstthree,lastthree,habbed,T1,T2,T3,T4,T5,T6,ineff.1,ineff.2,ineff.3,eff.1,eff.2,eff.3,prop.ineff1,prop.ineff2,prop.ineff3,prop.ineff.all,avg.ineff,avg.eff,pref
1,LBS,S1_1,Exp.1,"H1, T1",no.training,constrained,efficient,state.change,yes.mitten,yes.causal,122,f,9.7,5.6,7.5,18.3,11.1,8.3,8.8,11.9,11.5,10.4,8.2,9.5,12,120.8,22.8,28.1,0,7.8,11,8.7,11.5,15.3,18.7,11,11.5,18.7,7.8,8.7,15.3,0.5851,0.5693,0.55,0.568138,13.733333,10.6,ineff
0,LBS,S1_10,Exp.1,"H1, T1",no.training,constrained,efficient,state.change,yes.mitten,yes.causal,91,m,45,45,45,42.2,45,45,40.3,23.7,45,29.3,6.5,42.8,12,454.8,135,78.6,0,45,45,45,41.7,17.5,15.6,45,41.7,15.6,45,45,17.5,0.5,0.481,0.4713,0.484089,34.1,35.833333,eff
0,LBS,S1_11,Exp.1,"H1, T1",no.training,constrained,efficient,state.change,yes.mitten,yes.causal,113,f,6.3,14.5,21.5,16.5,8.4,29.8,12.7,16.8,4.8,12.3,6.1,11.7,12,161.4,42.3,30.1,0,5.3,45,19.2,1.4,1.1,1.6,45,1.4,1.6,5.3,19.2,1.1,0.8946,0.068,0.5926,0.518395,16,8.533333,ineff
1,LBS,S1_12,Exp.1,"H1, T1",no.training,constrained,efficient,state.change,yes.mitten,yes.causal,95,m,28.2,16.7,11.6,12.7,36.3,45,15.2,45,13.2,45,12.3,22.2,12,303.4,56.5,79.5,0,14.8,23.8,33.4,45,26,8.9,23.8,45,8.9,14.8,33.4,26,0.6166,0.574,0.255,0.481858,25.9,24.733333,ineff
1,LBS,S1_16,Exp.1,"H1, T1",no.training,constrained,efficient,state.change,yes.mitten,yes.causal,103,m,45,21,19.7,18.6,45,45,11.6,23.9,29.5,21.2,5.7,27.9,12,314.1,85.7,54.8,0,28.1,45,15,23.6,5.8,12,45,23.6,12,28.1,15,5.8,0.6156,0.6114,0.6742,0.633717,26.866667,16.3,ineff
1,LBS,S1_19,Exp.1,"H1, T1",no.training,constrained,efficient,state.change,yes.mitten,yes.causal,104,f,8.5,4,5.9,4.3,3.9,15.2,6.1,4,6.1,0.6,5.3,6.7,12,70.6,18.4,12.6,0,17.4,6.9,3.7,8.3,8.1,12.8,6.9,8.3,12.8,17.4,3.7,8.1,0.284,0.6917,0.6124,0.529352,9.333333,9.733333,eff
0,LBS,S1_3,Exp.1,"H1, T1",no.training,constrained,efficient,state.change,yes.mitten,yes.causal,118,m,39.6,13.3,17.9,45,26.6,10,45,30.1,11.7,16.4,6.4,,11,262,70.8,34.5,1,8.3,19.4,9.7,12.8,22.1,15.1,19.4,12.8,15.1,8.3,9.7,22.1,0.7004,0.5689,0.4059,0.558388,15.766667,13.366667,ineff
0,LBS,S1_4,Exp.1,"H1, T1",no.training,constrained,efficient,state.change,yes.mitten,yes.causal,111,m,43.8,11.3,14.3,5.5,8.2,16.7,,,,,,,6,99.8,69.4,30.4,1,6.5,11.9,16.4,5.2,11.7,44.6,11.9,5.2,44.6,6.5,16.4,11.7,0.6467,0.2407,0.7922,0.559888,20.566667,11.533333,ineff
0,LBS,S1_6,Exp.1,"H1, T1",no.training,constrained,efficient,state.change,yes.mitten,yes.causal,97,f,29.3,7.3,17.1,15.4,14.7,21.5,28,11.9,6.8,16.4,4.9,7.4,12,180.7,53.7,28.7,0,30.6,7.8,17,6.6,6.6,6.1,7.8,6.6,6.1,30.6,17,6.6,0.2031,0.2797,0.4803,0.321034,6.833333,18.066667,eff
1,LBS,S1_7,Exp.1,"H1, T1",no.training,constrained,efficient,state.change,yes.mitten,yes.causal,122,f,6.5,6.1,7.4,14.9,45,44.4,6.4,18.5,45,18.5,6.5,6.8,12,226,20,31.8,0,10.1,41.9,5.7,12.1,18.5,5.3,41.9,12.1,5.3,10.1,5.7,18.5,0.8058,0.6798,0.2227,0.569411,19.766667,11.433333,ineff
0,LBS,S1_22,Exp.1,"H1, T1",no.training,constrained,inefficient,state.change,yes.mitten,yes.causal,121,m,23.6,9.5,14.5,4.7,8.1,8.9,,,,,,,6,69.3,47.6,21.7,1,22.3,16.5,6.9,2.7,4.6,6.6,22.3,6.9,4.6,16.5,2.7,6.6,0.5747,0.7188,0.4107,0.568069,11.266667,8.6,ineff
0,LBS,S1_28,Exp.1,"H1, T1",no.training,constrained,inefficient,state.change,yes.mitten,yes.causal,106,f,12.1,8.1,8,12.3,21.6,18.1,11.8,14.9,18.4,19.1,7.9,29.7,12,182,28.2,56.7,0,8.5,5.3,28.3,5.3,4.5,42.1,8.5,28.3,4.5,5.3,5.3,42.1,0.6159,0.8423,0.0966,0.518257,13.766667,17.566667,eff
0,LBS,S1_29,Exp.1,"H1, T1",no.training,constrained,inefficient,state.change,yes.mitten,yes.causal,114,m,19.2,16.3,4.6,5.7,9.2,10.9,9.2,13,7.8,13.1,5.2,6.4,12,120.6,40.1,24.7,0,6.2,9.4,5.4,4,3.8,3.2,6.2,5.4,3.8,9.4,4,3.2,0.3974,0.5745,0.5429,0.50492,5.133333,5.533333,eff
1,LBS,S1_30,Exp.1,"H1, T1",no.training,constrained,inefficient,state.change,yes.mitten,yes.causal,102,f,13.2,14.7,6.1,4.9,14.8,11.9,6.8,13.1,7,27.4,5.9,15,12,140.8,34,48.3,0,6.5,3.1,2.2,3.2,13.4,2.9,6.5,2.2,13.4,3.1,3.2,2.9,0.6771,0.4074,0.8221,0.635526,7.366667,3.066667,ineff
1,LBS,S1_34,Exp.1,"H1, T1",no.training,constrained,inefficient,state.change,yes.mitten,yes.causal,94,m,21.5,3.9,5.6,16.1,9,3.9,3.8,11.1,4.9,31.7,5.9,10.4,12,127.8,31,48,0,7.9,7,45,9.6,12.2,6.8,7.9,45,12.2,7,9.6,6.8,0.5302,0.8242,0.6421,0.665494,21.7,7.8,ineff
1,LBS,S1_35,Exp.1,"H1, T1",no.training,constrained,inefficient,state.change,yes.mitten,yes.causal,98,f,6.1,11.4,9,21,33.6,16.7,6.3,8.4,7.6,22.2,20.2,7,12,169.5,26.5,49.4,0,6.8,6.5,2.9,2.3,5.3,2.3,6.8,2.9,5.3,6.5,2.3,2.3,0.5113,0.5577,0.6974,0.58878,5,3.7,ineff
1,LBS,S1_36,Exp.1,"H1, T1",no.training,constrained,inefficient,state.change,yes.mitten,yes.causal,96,f,45,45,45,9.8,32.9,45,45,45,45,45,45,13.7,12,461.4,135,103.7,0,23.7,26.7,7.4,4.5,7.4,5.9,23.7,7.4,7.4,26.7,4.5,5.9,0.4702,0.6218,0.5564,0.549493,12.833333,12.366667,ineff
0,LBS,S1_38,Exp.1,"H1, T1",no.training,constrained,inefficient,state.change,yes.mitten,yes.causal,107,f,24.2,8.2,6.7,7.9,7.8,2.8,38.7,18.9,,,,,8,115.2,39.1,60.4,1,24.2,8.2,6.7,7.9,7.8,2.8,24.2,6.7,7.8,8.2,7.9,2.8,0.7469,0.4589,0.7358,0.647222,12.9,6.3,ineff
1,LBS,S1_39,Exp.1,"H1, T1",no.training,constrained,inefficient,state.change,yes.mitten,yes.causal,115,f,33.4,21.4,19.5,16.2,10,9.6,,,,,,,6,110.1,74.3,35.8,1,33.5,6.6,15,18.9,3.4,5.5,33.5,15,3.4,6.6,18.9,5.5,0.8354,0.4425,0.382,0.553304,17.3,10.333333,ineff
1,LBS,S1_40,Exp.1,"H1, T1",no.training,constrained,inefficient,state.change,yes.mitten,yes.causal,113,f,23.1,10.2,9.3,7.1,9.2,8.6,17.5,7.3,7.6,5.8,6.3,,11,112,42.6,19.7,1,9,13.7,7.1,15,22.4,7.2,9,7.1,22.4,13.7,15,7.2,0.3965,0.3213,0.7568,0.4915,12.833333,11.966667,ineff
1,LBS,S1_13,Exp.1,"H2, T1",no.training,unconstrained,efficient,state.change,yes.mitten,yes.causal,100,f,18.4,26.9,9.8,45,8.3,11.4,45,42.1,6.7,22.5,8.1,13.2,12,257.4,55.1,43.8,0,15.7,11.1,30.2,7.9,20.1,5.3,11.1,7.9,5.3,15.7,30.2,20.1,0.4142,0.2073,0.2087,0.27673,8.1,22,eff
1,LBS,S1_14,Exp.1,"H2, T1",no.training,unconstrained,efficient,state.change,yes.mitten,yes.causal,101,f,7.7,15.8,15.2,4.7,17,8.3,13.4,45,39.8,45,45,21.4,12,278.3,38.7,111.4,0,8.7,37.9,39.6,20.9,39.4,3.1,37.94,20.93,3.14,8.66,39.64,39.44,0.8142,0.3456,0.0737,0.411152,20.67,29.246667,eff
0,LBS,S1_15,Exp.1,"H2, T1",no.training,unconstrained,efficient,state.change,yes.mitten,yes.causal,121,f,18.3,7.1,7.8,7.6,6.1,5.4,7.3,9,5.3,8.4,4.6,4.3,12,91.2,33.2,17.3,0,5.3,5.8,11.4,4.4,4.9,3.1,5.8,4.4,3.1,5.3,11.4,4.9,0.5225,0.2785,0.3875,0.396168,4.433333,7.2,eff
1,LBS,S1_17,Exp.1,"H2, T1",no.training,unconstrained,efficient,state.change,yes.mitten,yes.causal,112,f,33,6.6,11.3,12.5,6.5,14.2,14.7,5.4,6.1,17.4,5.4,17.7,12,150.8,50.9,40.5,0,11.6,7.3,2.9,3.5,7.4,4.3,7.3,3.5,4.3,11.6,2.9,7.4,0.3862,0.5469,0.3675,0.433547,5.033333,7.3,eff
1,LBS,S1_18,Exp.1,"H2, T1",no.training,unconstrained,efficient,state.change,yes.mitten,yes.causal,122,m,9.2,10,1.4,4.4,10.2,3.5,9,2.8,5,4,2.6,5.1,12,67.2,20.6,11.7,0,5.3,2.6,5,2.4,4.5,4.6,2.6,2.4,4.6,5.3,5,4.5,0.3291,0.3243,0.5055,0.386311,3.2,4.933333,eff
0,LBS,S1_2,Exp.1,"H2, T1",no.training,unconstrained,efficient,state.change,yes.mitten,yes.causal,112,m,11.8,7.2,10.8,6.5,7,23.2,9.6,7,5.4,7.4,31.9,14.1,12,141.9,29.8,53.4,0,17.6,2.5,4.7,9.4,6,12,2.5,9.4,12,17.6,4.7,6,0.1244,0.6667,0.6667,0.485904,7.966667,9.433333,eff
1,LBS,S1_20,Exp.1,"H2, T1",no.training,unconstrained,efficient,state.change,yes.mitten,yes.causal,104,f,9.2,14.3,3.5,3.7,2.9,6.1,,,,,,,6,39.7,27,12.7,1,16.2,12.3,7.2,8.7,7.9,11.1,12.3,8.7,11.1,16.2,7.2,7.9,0.4316,0.5472,0.5842,0.520986,10.7,10.433333,ineff
0,LBS,S1_5,Exp.1,"H2, T1",no.training,unconstrained,efficient,state.change,yes.mitten,yes.causal,114,f,10.2,6.1,6.5,5,3.6,6.8,13.6,7.6,6.1,4.6,10,11.5,12,91.6,22.8,26.1,0,10.9,8.4,12,15.8,12.2,13.6,8.4,15.8,13.6,10.9,12,12.2,0.4352,0.5683,0.5271,0.510237,12.6,11.7,ineff
0,LBS,S1_8,Exp.1,"H2, T1",no.training,unconstrained,efficient,state.change,yes.mitten,yes.causal,112,f,10.7,5,6.8,12.2,6.4,11.8,6.1,6.1,10.7,9.2,8.34,6.2,12,99.54,22.5,23.74,0,5.6,4.8,1.4,6.3,5.8,5.7,4.8,6.3,5.7,5.6,1.4,5.8,0.4615,0.8182,0.4957,0.591791,5.6,4.266667,ineff
0,LBS,S1_9,Exp.1,"H2, T1",no.training,unconstrained,efficient,state.change,yes.mitten,yes.causal,105,m,14.2,7.7,14.4,5.9,6.1,8.1,11,7.3,6.5,8.2,13.1,16.7,12,119.2,36.3,38,0,4.1,2.1,4.6,5.9,5.4,10.6,2.1,5.9,10.6,4.1,4.6,5.4,0.3387,0.5619,0.6625,0.521038,6.2,4.7,ineff
0,LBS,S1_21,Exp.1,"H2, T1",no.training,unconstrained,inefficient,state.change,yes.mitten,yes.causal,93,m,45,29.4,30.2,45,17.4,13.4,12.1,,,,,,7,192.5,104.6,42.9,1,4.9,5.5,6.5,15.2,4.3,10.5,4.9,6.5,4.3,5.5,15.2,10.5,0.4712,0.2995,0.2905,0.353745,5.233333,10.4,eff
0,LBS,S1_23,Exp.1,"H2, T1",no.training,unconstrained,inefficient,state.change,yes.mitten,yes.causal,91,m,19.4,12.4,11.7,23.6,7.4,43.3,45,5.2,6,45,45,45,12,309,43.5,135,0,5.7,45,7.9,33.6,36.5,6.5,5.7,7.9,36.5,45,33.6,6.5,0.1124,0.1904,0.8488,0.383875,16.7,28.366667,eff
0,LBS,S1_24,Exp.1,"H2, T1",no.training,unconstrained,inefficient,state.change,yes.mitten,yes.causal,113,f,9.6,15.8,8,5.4,11.1,7.4,5.2,12.1,5.5,7.9,5.1,4.3,12,97.4,33.4,17.3,0,4.9,4.5,8.9,7.6,6.7,5.4,4.9,8.9,6.7,4.5,7.6,5.4,0.5213,0.5394,0.5537,0.53813,6.833333,5.833333,ineff
0,LBS,S1_25,Exp.1,"H2, T1",no.training,unconstrained,inefficient,state.change,yes.mitten,yes.causal,93,m,45,28.8,17.6,9.9,38.5,45,32.7,24.8,14.4,45,12.7,13.2,12,327.6,91.4,70.9,0,30.8,10,45,8.5,18.9,22,30.8,45,18.9,10,8.5,22,0.7549,0.8411,0.4621,0.686042,31.566667,13.5,ineff
0,LBS,S1_26,Exp.1,"H2, T1",no.training,unconstrained,inefficient,state.change,yes.mitten,yes.causal,121,m,23.7,13.2,6.7,8.6,5.7,4.7,,,,,,,6,62.6,43.6,19,1,4.6,5.6,9.4,5.8,2.6,3.8,4.6,9.4,2.6,5.6,5.8,3.8,0.451,0.6184,0.4063,0.491884,5.533333,5.066667,ineff
0,LBS,S1_27,Exp.1,"H2, T1",no.training,unconstrained,inefficient,state.change,yes.mitten,yes.causal,122,m,21.5,13.9,13.3,8,7.1,7,,,,,,,6,70.8,48.7,22.1,1,8.4,9.7,5.4,3.2,4.9,7.2,8.4,5.4,4.9,9.7,3.2,7.2,0.4641,0.6279,0.405,0.498985,6.233333,6.7,eff
1,LBS,S1_31,Exp.1,"H2, T1",no.training,unconstrained,inefficient,state.change,yes.mitten,yes.causal,118,m,5.3,6.1,14.3,4.2,5.5,19.5,4.7,2.4,8,3.9,5.1,5.9,12,84.9,25.7,14.9,0,2.7,3.8,3.8,7.1,8.2,6.5,2.7,3.8,8.2,3.8,7.1,6.5,0.4154,0.3486,0.5578,0.440611,4.9,5.8,eff
1,LBS,S1_32,Exp.1,"H2, T1",no.training,unconstrained,inefficient,state.change,yes.mitten,yes.causal,101,f,8.9,17.5,7.1,9.4,8.7,10.8,20.5,6.4,9.3,6.7,5.6,4.4,12,115.3,33.5,16.7,0,3.3,3.2,7.5,4.2,2.6,15.3,3.3,7.5,2.6,3.2,4.2,15.3,0.5077,0.641,0.1453,0.431323,4.466667,7.566667,eff
1,LBS,S1_33,Exp.1,"H2, T1",no.training,unconstrained,inefficient,state.change,yes.mitten,yes.causal,115,f,4.94,3.98,4.29,2.94,2.7,3.01,2.98,3.31,3.07,2.84,2.21,3.01,12,39.28,13.21,8.06,0,2.2,1.2,2.2,2.1,2.3,2,2.17,2.23,2.27,1.23,2.13,2.01,0.6382,0.5115,0.5304,0.560026,2.223333,1.79,ineff
1,LBS,S1_37,Exp.1,"H2, T1",no.training,unconstrained,inefficient,state.change,yes.mitten,yes.causal,95,f,17.8,10.1,7.7,7.1,21.4,9.9,4.6,5.4,5.9,,,,9,89.9,35.6,15.9,1,7.7,5.1,10.5,4.7,4.5,7.7,7.7,10.5,4.5,5.1,4.7,7.7,0.6016,0.6908,0.3689,0.553735,7.566667,5.833333,ineff
0,LBS,S2_1,Exp.2,"H3, T2",no.training,constrained,efficient,state.change,yes.mitten,no.causal,109,m,7.2,20.9,13.2,4.5,5.6,8.1,,,,,,,6,59.5,41.3,13.7,1,7.2,20.9,13.2,4.5,5.6,8.1,20.9,4.5,8.1,7.2,13.2,5.6,0.743772,0.254237,0.591241,0.52975,11.17,8.67,ineff
1,LBS,S2_10,Exp.2,"H3, T2",no.training,constrained,efficient,state.change,yes.mitten,no.causal,112,m,5.4,3.7,6.4,3.2,4.1,4.2,14.8,5.4,5.3,6.4,5.2,3.1,12,67.2,15.5,23.1,0,5.4,3.7,6.4,3.2,4.1,4.2,3.7,3.2,4.2,5.4,6.4,4.1,0.406593,0.333333,0.506024,0.415317,3.7,5.3,eff
0,LBS,S2_2,Exp.2,"H3, T2",no.training,constrained,efficient,state.change,yes.mitten,no.causal,104,f,39.1,8.6,8.6,4.6,6.9,8.1,,,,,,,6,75.9,56.3,15,1,39.1,8.6,8.6,4.6,6.9,8.1,8.6,4.6,8.1,39.1,8.6,6.9,0.180294,0.348485,0.54,0.356259,7.1,18.2,eff
0,LBS,S2_3,Exp.2,"H3, T2",no.training,constrained,efficient,state.change,yes.mitten,no.causal,99,f,31.6,24.2,7.8,6.1,16.1,15.6,15.6,16.3,16.4,16.9,21.1,10.7,12,198.4,63.6,47.3,0,31.6,24.2,7.8,6.1,16.1,15.6,24.2,6.1,15.6,31.6,7.8,16.1,0.433692,0.438849,0.492114,0.454885,15.3,18.5,eff
0,LBS,S2_4,Exp.2,"H3, T2",no.training,constrained,efficient,state.change,yes.mitten,no.causal,104,f,31.7,14.9,12.2,7.3,7.2,9.1,,,,,,,6,82.4,58.8,16.3,1,31.7,14.9,12.2,7.3,7.2,9.1,14.9,7.3,9.1,31.7,12.2,7.2,0.319742,0.374359,0.558282,0.417461,10.43,17.03,eff
1,LBS,S2_5,Exp.2,"H3, T2",no.training,constrained,efficient,state.change,yes.mitten,no.causal,93,f,8.5,7.4,4.3,9.3,6.2,4,4.3,4.2,7.1,9.4,17.8,18.3,12,100.8,20.2,14.5,0,8.5,7.4,4.3,9.3,6.2,4,7.4,9.3,4,8.5,4.3,6.2,0.465409,0.683824,0.392157,0.513796,6.9,6.33,ineff
1,LBS,S2_6,Exp.2,"H3, T2",no.training,constrained,efficient,state.change,yes.mitten,no.causal,107,m,13.8,7,7.7,6.2,6.3,7.6,8.6,14.4,6.8,5.8,5.7,4.9,12,94.8,28.5,22.5,0,13.8,7,7.7,6.2,6.3,7.6,7,6.2,7.6,13.8,7.7,6.3,0.336538,0.446043,0.546763,0.443115,6.93,9.27,eff
1,LBS,S2_7,Exp.2,"H3, T2",no.training,constrained,efficient,state.change,yes.mitten,no.causal,121,m,9.5,8,7,5.3,10.3,8.1,11.4,6.2,19.6,4.7,8.2,5.5,12,103.8,24.5,29.8,0,9.5,8,7,5.3,10.3,8.1,8,5.3,8.1,9.5,7,10.3,0.457143,0.430894,0.440217,0.442752,7.13,8.93,eff
1,LBS,S2_8,Exp.2,"H3, T2",no.training,constrained,efficient,state.change,yes.mitten,no.causal,102,f,8.5,19.1,7.7,12.1,7.9,19.5,3.7,19.8,7.9,12.4,5.4,21.4,12,145.4,35.3,31.1,0,8.5,19.1,7.7,12.1,7.9,19.5,19.1,12.1,19.5,8.5,7.7,7.9,0.692029,0.611111,0.711679,0.671606,16.9,8.03,ineff
1,LBS,S2_9,Exp.2,"H3, T2",no.training,constrained,efficient,state.change,yes.mitten,no.causal,107,f,11.2,15.9,16.8,25.4,8,14.7,11,28.4,45,45,17.4,22.2,12,261,43.9,33.7,0,11.2,15.9,16.8,25.4,8,14.7,15.9,25.4,14.7,11.2,16.8,8,0.586716,0.601896,0.647577,0.612063,18.67,12,ineff
0,LBS,S2_11,Exp.2,"H3, T2",no.training,constrained,inefficient,state.change,yes.mitten,no.causal,107,m,45,19,40.5,14.4,20.3,7.5,,,,,,,6,146.7,104.5,27.8,1,45,19,40.5,14.4,20.3,7.5,45,40.5,20.3,19,14.4,7.5,0.703125,0.737705,0.730216,0.723682,35.27,13.63,ineff
0,LBS,S2_12,Exp.2,"H3, T2",no.training,constrained,inefficient,state.change,yes.mitten,no.causal,118,f,8.7,12.7,12.3,6.2,6.9,10.1,6.2,9.2,6.5,5,13.9,7,12,104.7,33.7,23.2,0,8.7,12.7,12.3,6.2,6.9,10.1,8.7,12.3,6.9,12.7,6.2,10.1,0.406542,0.664865,0.405882,0.49243,9.3,9.67,eff
0,LBS,S2_13,Exp.2,"H3, T2",no.training,constrained,inefficient,state.change,yes.mitten,no.causal,120,f,45,16.5,11.3,45,16.3,19,12.3,6.2,8,,,,9,179.6,72.8,47.6,1,45,16.5,11.3,45,16.3,19,45,11.3,16.3,16.5,45,19,0.731707,0.20071,0.461756,0.464725,24.2,26.83,eff
0,LBS,S2_14,Exp.2,"H3, T2",no.training,constrained,inefficient,state.change,yes.mitten,no.causal,114,m,25.4,15.7,15.8,45,8.8,33.4,45,45,21.3,24.2,45,20.8,12,345.4,56.9,87.2,0,25.4,15.7,15.8,45,8.8,33.4,25.4,15.8,8.8,15.7,45,33.4,0.618005,0.259868,0.208531,0.362135,16.67,31.37,eff
0,LBS,S2_15,Exp.2,"H3, T2",no.training,constrained,inefficient,state.change,yes.mitten,no.causal,97,m,6.3,42.4,12.5,17.7,14.5,44.4,34,13.6,14.7,6.9,3.7,,11,210.7,61.2,92.9,1,6.3,42.4,12.5,17.7,14.5,44.4,6.3,12.5,14.5,42.4,17.7,44.4,0.129363,0.413907,0.24618,0.26315,11.1,34.83,eff
0,LBS,S2_16,Exp.2,"H3, T2",no.training,constrained,inefficient,state.change,yes.mitten,no.causal,98,f,39.2,41.6,9.2,16.9,7.8,6.1,,,,,,,6,120.8,90,13.9,1,39.2,41.6,9.2,16.9,7.8,6.1,39.2,9.2,7.8,41.6,16.9,6.1,0.485149,0.35249,0.561151,0.466263,18.73,21.53,eff
1,LBS,S2_17,Exp.2,"H3, T2",no.training,constrained,inefficient,state.change,yes.mitten,no.causal,107,f,14.8,6.7,13,7.1,8.3,9.7,6.9,7.3,8.6,5.2,6.2,9,12,102.8,34.5,24.9,0,14.8,6.7,13,7.1,8.3,9.7,14.8,13,8.3,6.7,7.1,9.7,0.688372,0.646766,0.461111,0.59875,12.03,7.83,ineff
1,LBS,S2_18,Exp.2,"H3, T2",no.training,constrained,inefficient,state.change,yes.mitten,no.causal,121,f,19.8,28.5,30.3,34.4,43.8,45,45,2.3,19.8,33.3,45,10.7,12,357.9,78.6,133.8,0,19.8,28.5,30.3,34.4,43.8,45,19.8,30.3,43.8,28.5,34.4,45,0.409938,0.468315,0.493243,0.457165,31.3,35.97,eff
1,LBS,S2_19,Exp.2,"H3, T2",no.training,constrained,inefficient,state.change,yes.mitten,no.causal,95,f,5.2,19.4,27.7,36.5,29.9,15.2,4.2,45,13.6,14.5,17.6,4.4,12,233.2,52.3,49.3,0,5.2,19.4,27.7,36.5,29.9,15.2,5.2,27.7,29.9,19.4,36.5,15.2,0.211382,0.431464,0.662971,0.435272,20.93,23.7,eff
1,LBS,S2_20,Exp.2,"H3, T2",no.training,constrained,inefficient,state.change,yes.mitten,no.causal,99,m,18.4,12.8,32.8,9.5,15.9,7.6,10.8,9.7,,,,,8,117.5,64,34.3,1,18.4,12.8,32.8,9.5,15.9,7.6,18.4,32.8,15.9,12.8,9.5,7.6,0.589744,0.775414,0.676596,0.680584,22.37,9.97,ineff
0,LBS,S3_1,Exp.3,"H3, T2",no.training,constrained,efficient,state.change,yes.mitten,no.causal,95,m,23,6.6,12.2,12.1,8.9,5.2,4.9,,,,,,7,72.9,41.8,19,1,33.125,3.729,0.659,2.442,4.983,5.61,3.729,2.442,5.61,33.125,0.659,4.983,0.101183,0.787488,0.529595,0.472755,3.93,12.92,eff
0,LBS,S3_10,Exp.3,"H3, T2",no.training,constrained,efficient,state.change,yes.mitten,no.causal,112,f,25.1,10.1,45,21,17.7,14.4,9.2,6.3,,,,,8,148.8,80.2,41.3,1,4.026,3.795,2.937,2.838,5.332,2.673,3.795,2.838,2.673,4.026,2.937,5.332,0.485232,0.491429,0.333916,0.436859,3.1,4.1,eff
0,LBS,S3_12,Exp.3,"H3, T2",no.training,constrained,efficient,state.change,yes.mitten,no.causal,120,m,15.4,7.5,5.2,6.6,5,2.2,,,,,,,6,41.9,28.1,7.2,1,11.946,8.712,2.777,5.94,5.148,5.016,8.712,5.94,5.016,11.946,2.777,5.148,0.421725,0.681427,0.493506,0.53222,6.56,6.62,eff
1,LBS,S3_16,Exp.3,"H3, T2",no.training,constrained,efficient,state.change,yes.mitten,no.causal,99,f,16.9,18.8,16.9,15.2,7.8,13.3,9.1,17.3,10.1,11.3,6.9,13.1,12,156.7,52.6,30.2,0,20.46,5.643,5.511,5.775,11.649,6.854,5.643,5.775,6.854,20.46,5.511,11.649,0.216182,0.511696,0.370426,0.366101,6.09,12.54,eff
1,LBS,S3_17,Exp.3,"H3, T2",no.training,constrained,efficient,state.change,yes.mitten,no.causal,113,m,6,3.7,15.6,3.9,9.1,5.3,8.8,9,10.2,5.4,6.4,14.7,12,98.1,25.3,23.2,0,5.94,9.636,25.377,8.514,45,8.679,9.636,8.514,8.679,5.94,25.377,45,0.618644,0.251217,0.161683,0.343848,8.94,25.44,eff
1,LBS,S3_18,Exp.3,"H3, T2",no.training,constrained,efficient,state.change,yes.mitten,no.causal,119,m,18.4,6.6,22.2,10.3,10,6.7,7.8,12.8,4.9,9,11.4,7.8,12,127.9,47.2,24.5,0,3.234,4.917,3.696,19.899,2.772,5.544,4.917,19.899,5.544,3.234,3.696,2.772,0.603239,0.843357,0.666667,0.704421,10.12,3.23,ineff
1,LBS,S3_19,Exp.3,"H3, T2",no.training,constrained,efficient,state.change,yes.mitten,no.causal,93,m,19.1,12.6,32.6,22.9,11.1,17,15,4.6,5.9,,,,9,140.8,64.3,43.1,1,12.705,3.069,5.313,6.93,4.158,16.698,3.069,6.93,16.698,12.705,5.313,4.158,0.194561,0.566038,0.800633,0.52041,8.9,7.39,ineff
0,LBS,S3_23,Exp.3,"H3, T2",no.training,constrained,efficient,state.change,yes.mitten,no.causal,112,m,45,23.2,45,45,16.1,18.3,32.2,20.7,6.6,28.7,,,10,280.8,113.2,66.6,1,45,45,45,22.176,45,45,45,22.176,45,45,45,45,0.5,0.330118,0.5,0.443373,37.39,45,eff
1,LBS,S3_25,Exp.3,"H3, T2",no.training,constrained,efficient,state.change,yes.mitten,no.causal,106,m,41.3,45,34.6,27.8,45,28,19.5,19.6,8.7,,,,9,269.5,120.9,92.5,1,10.626,8.613,7.227,34.847,4.95,2.013,8.613,34.847,2.013,10.626,7.227,4.95,0.447684,0.828231,0.2891,0.521672,15.16,7.6,ineff
0,LBS,S3_5,Exp.3,"H3, T2",no.training,constrained,efficient,state.change,yes.mitten,no.causal,99,f,34,30,7.9,9.5,12,4.1,,,,,,,6,97.5,71.9,16.1,1,22.308,9.141,7.584,4.455,9.603,NA,9.141,4.455,NA,22.308,7.584,9.603,0.290661,0.370047,NA,0.330354,6.8,13.17,eff
0,LBS,S3_6,Exp.3,"H3, T2",no.training,constrained,efficient,state.change,yes.mitten,no.causal,97,m,30.6,20.2,24.3,24.5,7.2,8.2,4.7,,,,,,7,119.7,75.1,20.1,1,14.817,5.115,7.392,8.613,35.277,23.562,5.115,8.613,23.562,14.817,7.392,35.277,0.256623,0.538144,0.400449,0.398405,12.43,19.16,eff
0,LBS,S3_8,Exp.3,"H3, T2",no.training,constrained,efficient,state.change,yes.mitten,no.causal,119,f,17.6,12.9,24.8,18.3,5.2,8,11.1,,,,,,7,97.9,55.3,24.3,1,18.876,21.483,2.97,4.488,41.813,5.841,21.483,4.488,5.841,18.876,2.97,41.813,0.532298,0.60177,0.122571,0.41888,10.6,21.22,eff
0,LBS,S3_9,Exp.3,"H3, T2",no.training,constrained,efficient,state.change,yes.mitten,no.causal,114,m,20.1,24.1,18.7,38.5,9.1,8.1,8.1,,,,,,7,126.7,62.9,25.3,1,17.357,24.717,8.316,18.084,7.095,5.808,24.717,18.084,5.808,17.357,8.316,7.095,0.587465,0.685,0.450128,0.574198,16.2,10.92,ineff
0,LBS,S3_27,Exp.3,"H3, T2",no.training,constrained,inefficient,state.change,yes.mitten,no.causal,120,m,12.9,21.5,7,3.4,5.8,3.2,,,,,,,6,53.8,41.4,9,1,2.046,3.201,1.947,4.752,2.343,3.894,2.046,1.947,2.343,3.201,4.752,3.894,0.389937,0.29064,0.375661,0.35208,2.11,3.95,eff
0,LBS,S3_28,Exp.3,"H3, T2",no.training,constrained,inefficient,state.change,yes.mitten,no.causal,120,m,6,10.1,9.3,6.2,13.5,9,11.4,6.5,5.9,5.2,6.3,9.2,12,98.6,25.4,33.9,0,5.643,2.706,10.296,4.356,4.059,8.052,5.643,10.296,4.059,2.706,4.356,8.052,0.675889,0.702703,0.33515,0.571247,6.67,5.04,ineff
0,LBS,S3_30,Exp.3,"H3, T2",no.training,constrained,inefficient,state.change,yes.mitten,no.causal,117,m,27.2,15,17.1,10.6,42.9,19.1,13.4,7.2,9.1,5.7,,,10,167.3,59.3,75.4,1,5.181,6.27,2.211,3.003,2.343,4.587,5.181,2.211,2.343,6.27,3.003,4.587,0.45245,0.424051,0.338095,0.404865,3.25,4.62,eff
0,LBS,S3_31,Exp.3,"H3, T2",no.training,constrained,inefficient,state.change,yes.mitten,no.causal,105,f,11.2,6.5,8.4,9.5,12.3,3.8,4.8,2.3,,,,,8,58.8,26.1,20.9,1,2.772,3.102,6.598,3.679,44.407,19.8,2.772,6.598,44.407,3.102,3.679,19.8,0.47191,0.642016,0.691622,0.60185,17.93,8.86,ineff
1,LBS,S3_34,Exp.3,"H3, T2",no.training,constrained,inefficient,state.change,yes.mitten,no.causal,114,f,20.5,22.9,9.5,9.1,8.5,8.3,,,,,,,6,78.8,52.9,16.8,1,10.395,16.929,6.765,5.61,19.173,7.227,10.395,6.765,19.173,16.929,5.61,7.227,0.380435,0.546667,0.72625,0.551117,12.11,9.92,ineff
0,LBS,S3_35,Exp.3,"H3, T2",no.training,constrained,inefficient,state.change,yes.mitten,no.causal,105,m,31,16.9,15.5,7.5,17.2,8,9.3,7.6,,,,,8,113,63.4,34.5,1,8.788,13.068,10.956,5.115,6.996,NA,8.788,10.956,6.996,13.068,5.115,NA,0.402086,0.681725,NA,0.541906,8.91,9.09,ineff
1,LBS,S3_37,Exp.3,"H3, T2",no.training,constrained,inefficient,state.change,yes.mitten,no.causal,98,f,41.1,24.3,39.8,18.2,27.1,24,20.5,4.6,,,,,8,199.6,105.2,71.6,1,17.919,45,16.401,42.009,22.506,25.41,17.919,16.401,22.506,45,42.009,25.41,0.284795,0.280791,0.469697,0.345094,18.94,37.47,eff
1,LBS,S3_38,Exp.3,"H3, T2",no.training,constrained,inefficient,state.change,yes.mitten,no.causal,118,m,11.3,25.9,22.5,8.4,8.8,11.2,,,,,,,6,88.1,59.7,20,1,11.451,4.521,7.062,6.435,14.19,9.141,11.451,7.062,14.19,4.521,6.435,9.141,0.716942,0.523227,0.608204,0.616124,10.9,6.7,ineff
1,LBS,S3_41,Exp.3,"H3, T2",no.training,constrained,inefficient,state.change,yes.mitten,no.causal,93,f,45,20.64,23.52,7.2,6.62,11.16,,,,,,,6,114.14,89.16,17.78,1,7.26,5.784,45,13.53,26.73,8.943,7.26,45,26.73,5.784,13.53,8.943,0.556578,0.768836,0.749306,0.691573,26.33,9.42,ineff
1,LBS,S3_42,Exp.3,"H3, T2",no.training,constrained,inefficient,state.change,yes.mitten,no.causal,112,f,23,8.2,17.4,18.2,10.1,6.6,7.6,,,,,,7,91.1,48.6,24.3,1,19.899,24.123,18.412,28.774,12.969,30.459,19.899,18.412,12.969,24.123,28.774,30.459,0.452024,0.3902,0.298632,0.380286,17.09,27.79,eff
1,LBS,S3_46,Exp.3,"H3, T2",no.training,constrained,inefficient,state.change,yes.mitten,no.causal,120,m,20.5,4.7,5.2,20.5,5.4,7,16,6.2,8.6,15.9,10.2,6.9,12,127.1,30.4,28.4,0,9.801,3.498,2.871,2.541,4.686,3.432,9.801,2.871,4.686,3.498,2.541,3.432,0.736973,0.530488,0.577236,0.614899,5.79,3.16,ineff
1,LBS,S3_47,Exp.3,"H3, T2",no.training,constrained,inefficient,state.change,yes.mitten,no.causal,120,m,26.7,19.3,20.2,33,13.7,9.1,27.2,9,7.2,6.7,,,10,172.1,66.2,50,1,10.23,6.666,19.143,22.143,8.25,6.072,10.23,19.143,8.25,6.666,22.143,6.072,0.605469,0.463668,0.576037,0.548391,12.54,11.63,ineff
1,LBS,S3_48,Exp.3,"H3, T2",no.training,constrained,inefficient,state.change,yes.mitten,no.causal,97,m,28.8,8.1,25.6,16.1,6.6,11.7,3.5,,,,,,7,100.4,62.5,21.8,1,15.411,2.244,3.432,4.851,3.63,17.259,15.411,3.432,3.63,2.244,4.851,17.259,0.872897,0.414343,0.173776,0.487005,7.49,8.12,eff
0,LBS,S3_11,Exp.3,"H1, T1",no.training,constrained,efficient,state.change,yes.mitten,yes.causal,112,,45,40.3,16.3,13.5,7.7,42.7,31.7,14.3,25,9.9,,,10,246.4,101.6,82.1,1,21.615,9.471,10.89,24.057,13.794,16.335,9.471,24.057,16.335,21.615,10.89,13.794,0.304671,0.688385,0.542169,0.511742,16.62,15.43,ineff
0,LBS,S3_13,Exp.3,"H1, T1",no.training,constrained,efficient,state.change,yes.mitten,yes.causal,106,m,8.3,9.6,7.8,10.2,4,4.1,4,5,9.1,7.6,6.8,5.4,12,81.9,25.7,12.1,0,8.547,7.689,4.818,8.58,4.752,7.358,7.689,8.58,7.358,8.547,4.818,4.752,0.473577,0.640394,0.607597,0.573856,7.88,6.04,ineff
1,LBS,S3_14,Exp.3,"H1, T1",no.training,constrained,efficient,state.change,yes.mitten,yes.causal,96,f,8.8,6.2,6.5,6.8,4.9,8.3,8,4.8,10.5,4.8,5.5,11.1,12,86.2,21.5,21.2,0,1.815,7.26,NA,13.101,NA,9.438,7.26,13.101,9.438,1.815,NA,NA,0.8,NA,NA,0.8,9.93,1.82,ineff
1,LBS,S3_15,Exp.3,"H1, T1",no.training,constrained,efficient,state.change,yes.mitten,yes.causal,110,m,6.2,5.8,6.1,5.8,6.9,5.2,10.6,18,5.7,4.9,4.2,2.5,12,81.9,18.1,22.7,0,2.805,2.409,6.963,4.125,6.699,4.653,2.409,4.125,4.653,2.805,6.963,6.699,0.462025,0.372024,0.409884,0.414644,3.73,5.49,eff
0,LBS,S3_2,Exp.3,"H1, T1",no.training,constrained,efficient,state.change,yes.mitten,yes.causal,99,f,11.4,25.8,8.1,8.5,8.1,9.5,13.5,7.4,6.7,5.2,,,10,104.2,45.3,31.1,1,8.828,21.318,NA,14.553,13.431,16.83,21.318,14.553,16.83,8.828,NA,13.431,0.707158,NA,0.556161,0.63166,17.57,11.13,ineff
1,LBS,S3_20,Exp.3,"H1, T1",no.training,constrained,efficient,state.change,yes.mitten,yes.causal,109,m,11.8,10.4,7.4,12,6.5,4.9,6.5,7.6,6.6,7.8,6.9,16.3,12,104.7,29.6,17.9,0,13.101,14.421,4.95,6.666,8.019,6.798,14.421,6.666,6.798,13.101,4.95,8.019,0.523981,0.573864,0.458797,0.518881,9.3,8.69,ineff
1,LBS,S3_21,Exp.3,"H1, T1",no.training,constrained,efficient,state.change,yes.mitten,yes.causal,100,m,11.8,19.9,11.2,7.5,10.2,3.1,,,,,,,6,63.7,42.9,13.3,1,5.016,15.708,3.267,5.61,16.467,12.21,15.708,5.61,12.21,5.016,3.267,16.467,0.757962,0.63197,0.425777,0.605236,11.18,8.25,ineff
0,LBS,S3_22,Exp.3,"H1, T1",no.training,constrained,efficient,state.change,yes.mitten,yes.causal,112,m,20.7,6.3,3.5,2.8,3.2,5.2,,,,,,,6,41.7,30.5,8.4,1,3.135,2.145,1.947,1.848,1.65,8.58,2.145,1.848,8.58,3.135,1.947,1.65,0.40625,0.486957,0.83871,0.577305,4.19,2.24,ineff
0,LBS,S3_24,Exp.3,"H1, T1",no.training,constrained,efficient,state.change,yes.mitten,yes.causal,102,f,23.9,4.4,7.2,3.7,7.9,4,,,,,,,6,51.1,35.5,11.9,1,4.092,5.94,17.622,8.151,12.837,4.191,5.94,8.151,4.191,4.092,17.622,12.837,0.592105,0.316261,0.246124,0.38483,6.09,11.52,eff
1,LBS,S3_26,Exp.3,"H1, T1",no.training,constrained,efficient,state.change,yes.mitten,yes.causal,96,m,45,40.2,35.7,14,10.1,29.1,,,,,,,6,174.1,120.9,39.2,1,21.252,45,2.838,4.422,0.891,7.03,45,4.422,7.03,21.252,2.838,0.891,0.679225,0.609091,0.887514,0.725277,18.82,8.33,ineff
0,LBS,S3_3,Exp.3,"H1, T1",no.training,constrained,efficient,state.change,yes.mitten,yes.causal,102,f,30.2,3.5,6.1,3,3.4,2.8,,,,,,,6,49,39.8,6.2,1,5.082,2.343,2.739,5.28,1.122,1.782,2.343,5.28,1.782,5.082,2.739,1.122,0.315556,0.658436,0.613636,0.529209,3.14,2.98,ineff
0,LBS,S3_4,Exp.3,"H1, T1",no.training,constrained,efficient,state.change,yes.mitten,yes.causal,97,f,45,22.6,14.8,10.3,8.8,15.4,,,,,,,6,116.9,82.4,24.2,1,7.755,9.834,9.636,7.359,5.214,4.356,9.834,7.359,4.356,7.755,9.636,5.214,0.559099,0.43301,0.455172,0.482427,7.18,7.54,eff
0,LBS,S3_7,Exp.3,"H1, T1",no.training,constrained,efficient,state.change,yes.mitten,yes.causal,113,m,8.8,11.5,8.5,5.3,21.3,4.8,12.9,9.2,7.8,7.9,5.8,5.2,12,109,28.8,39,0,3.927,6.171,4.719,12.573,10.065,5.313,6.171,12.573,5.313,3.927,4.719,10.065,0.611111,0.727099,0.345494,0.561235,8.02,6.24,ineff
0,LBS,S3_29,Exp.3,"H1, T1",no.training,constrained,inefficient,state.change,yes.mitten,yes.causal,95,m,19,6.8,5.2,7.2,9.6,3.7,9.7,7.9,7.2,23.6,6.1,6.1,12,112.1,31,23,0,4.488,2.013,4.983,0.429,3.531,3.003,4.488,4.983,3.531,2.013,0.429,3.003,0.690355,0.920732,0.540404,0.717164,4.33,1.82,ineff
0,LBS,S3_32,Exp.3,"H1, T1",no.training,constrained,inefficient,state.change,yes.mitten,yes.causal,92,m,30.3,7.9,8.1,6.9,10.1,5.6,,,,,,,6,68.9,46.3,15.7,1,17.919,4.851,5.214,5.808,34.353,15.576,17.919,5.214,34.353,4.851,5.808,15.576,0.786957,0.473054,0.688037,0.649349,19.16,8.75,ineff
0,LBS,S3_33,Exp.3,"H1, T1",no.training,constrained,inefficient,state.change,yes.mitten,yes.causal,103,f,6.9,28.1,7.3,15.4,7.8,5.5,12.5,1.7,,,,,8,85.2,42.3,25.8,1,5.313,4.422,9.306,4.026,5.709,11.088,5.313,9.306,5.709,4.422,4.026,11.088,0.545763,0.69802,0.339882,0.527888,6.78,6.51,ineff
1,LBS,S3_36,Exp.3,"H1, T1",no.training,constrained,inefficient,state.change,yes.mitten,yes.causal,104,f,9,6.7,4.8,12.1,8.7,4.9,8.5,9.9,8.1,7,2.7,3.3,12,85.7,20.5,22.1,0,6.369,2.541,4.587,1.749,4.851,2.871,6.369,4.587,4.851,2.541,1.749,2.871,0.714815,0.723958,0.628205,0.688993,5.27,2.39,ineff
1,LBS,S3_39,Exp.3,"H1, T1",no.training,constrained,inefficient,state.change,yes.mitten,yes.causal,107,f,3.1,6.1,5.9,5.4,6.8,5.1,4.3,7,11.9,5.7,12.4,8.8,12,82.5,15.1,16.2,0,13.563,8.844,13.794,5.214,9.405,3.003,13.563,13.794,9.405,8.844,5.214,3.003,0.605302,0.725694,0.757979,0.696325,12.25,5.69,ineff
1,LBS,S3_40,Exp.3,"H1, T1",no.training,constrained,inefficient,state.change,yes.mitten,yes.causal,112,f,12.3,8.1,3.5,11.8,7.6,6.2,6.8,9.2,11.6,4.5,6.4,2.6,12,90.6,23.9,20.6,0,1.815,4.554,6.567,1.485,15.081,4.191,1.815,6.567,15.081,4.554,1.485,4.191,0.284974,0.815574,0.782534,0.627694,7.82,3.41,ineff
1,LBS,S3_43,Exp.3,"H1, T1",no.training,constrained,inefficient,state.change,yes.mitten,yes.causal,109,m,45,23.6,11.7,21.9,12.1,45,29.1,19.9,19.2,13.6,7.3,,11,248.4,80.3,86.2,1,45,29.271,15.147,8.283,45,31.416,45,15.147,45,29.271,8.283,31.416,0.605889,0.646479,0.588882,0.61375,35.05,22.99,ineff
1,LBS,S3_44,Exp.3,"H1, T1",no.training,constrained,inefficient,state.change,yes.mitten,yes.causal,121,m,18.3,14.8,11.4,8.7,7.8,5.4,,,,,,,6,66.4,44.5,13.2,1,36.696,11.517,6.435,4.587,7.194,10.263,36.696,6.435,7.194,11.517,4.587,10.263,0.761123,0.583832,0.412098,0.585684,16.78,8.79,ineff
0,LBS,S3_45,Exp.3,"H1, T1",no.training,constrained,inefficient,state.change,yes.mitten,yes.causal,92,f,11.5,8.7,7.7,9.6,6.8,11.9,12.4,21.9,6.7,6,9,9,12,121.2,27.9,31.1,0,12.936,9.663,21.624,13.4,14.266,2.5,12.936,21.624,14.266,9.663,13.4,2.5,0.572415,0.617405,0.850889,0.680236,16.28,8.52,ineff
1,LBS,S3_49,Exp.3,"H1, T1",no.training,constrained,inefficient,state.change,yes.mitten,yes.causal,98,m,15.4,45,30.8,8.3,23.6,12.8,,,,,,,6,135.9,91.2,36.4,1,45,12.407,5.38,3.861,17.259,2.739,45,5.38,17.259,12.407,3.861,2.739,0.783877,0.582188,0.863036,0.743034,22.55,6.34,ineff
1,LBS,S3_50,Exp.3,"H1, T1",no.training,constrained,inefficient,state.change,yes.mitten,yes.causal,119,m,5.8,33.5,45,16.6,8.3,7.2,,,,,,,6,116.4,84.3,15.5,1,18.381,17.622,13.922,NA,6.039,8.745,18.381,13.922,6.039,17.622,NA,8.745,0.510541,NA,0.408482,0.459511,12.78,13.18,ineff
1,LBS,S3_51,Exp.3,"H1, T1",no.training,constrained,inefficient,state.change,yes.mitten,yes.causal,120,m,13.5,14.1,11.7,13,10.4,9.7,10,6.8,6.6,5.5,,,10,101.3,39.3,30.1,1,7.524,9.471,6.468,13.992,6.204,5.313,7.524,6.468,6.204,9.471,13.992,5.313,0.442718,0.316129,0.538682,0.43251,6.73,9.59,eff
0,LBS,S3_52,Exp.3,"H1, T1",no.training,constrained,inefficient,state.change,yes.mitten,yes.causal,109,f,45,29.5,26.5,6.5,45,42.6,17.3,11.5,10.4,,,,9,234.3,101,104.9,1,30.03,2.838,17.754,NA,32.868,14.949,30.03,17.754,32.868,2.838,NA,14.949,0.913655,NA,0.687371,0.800513,26.88,8.89,ineff
0,LBS,S4_1,Exp.4,"H4, T3",no.training,constrained,efficient,pick.up,yes.mitten,yes.causal,103,m,45,44.64,27.48,22.22,15.27,8.08,,,,,,,6,162.69,117.12,23.35,1,45,44.6,27.5,22.2,15.3,8.1,44.64,22.22,8.08,45,27.48,15.27,0.497992,0.447082,0.346039,0.430371,24.98,29.25,eff
1,LBS,S4_10,Exp.4,"H4, T3",no.training,constrained,efficient,pick.up,yes.mitten,yes.causal,102,f,35.78,45,18.05,15.24,7.33,31,23.22,21.47,5.9,,,,9,202.99,98.83,61.55,1,35.8,45,18.1,15.2,7.3,31,45,15.24,31,35.78,18.05,7.33,0.557069,0.457795,0.808766,0.607877,30.41,20.39,ineff
0,LBS,S4_2,Exp.4,"H4, T3",no.training,constrained,efficient,pick.up,yes.mitten,yes.causal,113,f,37.07,41.23,8.63,8.14,12.04,14.85,,,,,,,6,121.96,86.93,26.89,1,37.1,41.2,8.6,8.1,12,14.9,41.23,8.14,14.85,37.07,8.63,12.04,0.526564,0.485391,0.55225,0.521402,21.41,19.25,ineff
0,LBS,S4_3,Exp.4,"H4, T3",no.training,constrained,efficient,pick.up,yes.mitten,yes.causal,101,m,45,8.34,8.25,9.71,10.69,45,31.14,29.97,24.64,26,7.44,51.44,12,297.62,61.59,86.83,0,45,8.3,8.3,9.7,10.7,45,8.34,9.71,45,45,8.25,10.69,0.156355,0.540646,0.808045,0.501682,21.02,21.31,eff
0,LBS,S4_4,Exp.4,"H4, T3",no.training,constrained,efficient,pick.up,yes.mitten,yes.causal,107,f,23.73,45,14.96,14.35,33.47,9.07,10.59,24.06,15.7,11.79,12.3,,11,215.02,83.69,53.13,1,23.7,45,15,14.4,33.5,9.1,45,14.35,9.07,23.73,14.96,33.47,0.654736,0.489594,0.213211,0.452514,22.81,24.05,eff
1,LBS,S4_5,Exp.4,"H4, T3",no.training,constrained,efficient,pick.up,yes.mitten,yes.causal,100,f,15.55,7.83,4.9,4.72,5.2,5.03,,,,,,,6,43.23,28.28,10.23,1,15.6,7.8,4.9,4.7,5.2,5,7.83,4.72,5.03,15.55,4.9,5.2,0.334902,0.490644,0.491691,0.439079,5.86,8.55,eff
1,LBS,S4_6,Exp.4,"H4, T3",no.training,constrained,efficient,pick.up,yes.mitten,yes.causal,113,m,9.28,14.29,22.72,19.91,26.05,12.57,12.8,6.14,5.5,,,,9,129.26,46.29,51.42,1,9.3,14.3,22.7,19.9,26.1,12.6,14.29,19.91,12.57,9.28,22.72,26.05,0.606279,0.467042,0.325479,0.466267,15.59,19.35,eff
1,LBS,S4_7,Exp.4,"H4, T3",no.training,constrained,efficient,pick.up,yes.mitten,yes.causal,122,m,12.79,6.13,5.98,6.5,8.03,7.93,9.21,18.41,36.11,4.96,11.81,45,12,172.86,24.9,25.17,0,12.8,6.1,6,6.5,8,7.9,6.13,6.5,7.93,12.79,5.98,8.03,0.323996,0.520833,0.496867,0.447232,6.85,8.93,eff
1,LBS,S4_8,Exp.4,"H4, T3",no.training,constrained,efficient,pick.up,yes.mitten,yes.causal,102,f,10.82,8.85,26.37,10.83,12.33,21.39,24.25,45,26.05,23.52,8.72,8.22,12,226.35,46.04,57.97,0,10.8,8.9,26.4,10.8,12.3,21.4,8.85,10.83,21.39,10.82,26.37,12.33,0.449924,0.291129,0.634342,0.458465,13.69,16.51,eff
1,LBS,S4_9,Exp.4,"H4, T3",no.training,constrained,efficient,pick.up,yes.mitten,yes.causal,105,f,40.38,5.35,4.9,4.69,4.29,7.92,,,,,,,6,67.53,50.63,12.21,1,40.4,5.4,4.9,4.7,4.3,7.9,5.35,4.69,7.92,40.38,4.9,4.29,0.116991,0.489051,0.648649,0.41823,5.99,16.52,eff
0,LBS,S4_11,Exp.4,"H4, T3",no.training,constrained,inefficient,pick.up,yes.mitten,yes.causal,92,m,40.2,7.96,6.57,20.28,14.62,11.04,14.06,10.62,5.99,,,,9,131.34,54.73,39.72,1,40.2,8,6.6,20.3,14.6,11,40.2,6.57,14.62,7.96,20.28,11.04,0.834718,0.244693,0.569758,0.549723,20.46,13.09,ineff
0,LBS,S4_12,Exp.4,"H4, T3",no.training,constrained,inefficient,pick.up,yes.mitten,yes.causal,110,m,20.98,8.84,6.7,20.47,28.54,3.85,4.7,8.82,,,,,8,102.9,36.52,37.09,1,21,8.8,6.7,20.5,28.5,3.9,20.98,6.7,28.54,8.84,20.47,3.85,0.703555,0.246596,0.881136,0.610429,18.74,11.05,ineff
0,LBS,S4_13,Exp.4,"H4, T3",no.training,constrained,inefficient,pick.up,yes.mitten,yes.causal,118,m,15.93,23.25,15.84,7.34,6.21,4.89,4.87,4.26,,,,,8,82.59,55.02,15.97,1,15.9,23.3,15.8,7.3,6.2,4.9,15.93,15.84,6.21,23.25,7.34,4.89,0.406585,0.683348,0.559459,0.549797,12.66,11.83,ineff
0,LBS,S4_14,Exp.4,"H4, T3",no.training,constrained,inefficient,pick.up,yes.mitten,yes.causal,114,f,45,45,45,45,30.05,14.22,12.64,,,,,,7,236.91,135,56.91,1,45,45,45,45,30.1,14.2,45,45,30.05,45,45,14.22,0.5,0.5,0.678789,0.559596,40.02,34.74,ineff
0,LBS,S4_15,Exp.4,"H4, T3",no.training,constrained,inefficient,pick.up,yes.mitten,yes.causal,105,f,25.74,16.71,19.78,13.77,5.78,15.52,15.51,15.9,8.96,6,9.5,,11,153.17,62.23,36.81,1,25.7,16.7,19.8,13.8,5.8,15.5,25.74,19.78,5.78,16.71,13.77,15.52,0.60636,0.589568,0.271362,0.489097,17.1,15.33,ineff
0,LBS,S4_16,Exp.4,"H4, T3",no.training,constrained,inefficient,pick.up,yes.mitten,yes.causal,111,f,45,32.25,13.6,9.43,15.43,12.59,,,,,,,6,128.3,90.85,28.02,1,45,32.3,13.6,9.4,15.4,12.6,45,13.6,15.43,32.25,9.43,12.59,0.582524,0.590534,0.550678,0.574579,24.68,18.09,ineff
1,LBS,S4_17,Exp.4,"H4, T3",no.training,constrained,inefficient,pick.up,yes.mitten,yes.causal,97,m,8.49,13.94,4.54,3.9,4.67,16.99,5.75,4.08,5.13,3.91,,,10,71.4,26.97,27.41,1,8.5,13.9,4.5,3.9,4.7,17,8.49,4.54,4.67,13.94,3.9,16.99,0.378511,0.537915,0.215605,0.377343,5.9,11.61,eff
1,LBS,S4_18,Exp.4,"H4, T3",no.training,constrained,inefficient,pick.up,yes.mitten,yes.causal,110,f,8.74,7.17,36.95,6.18,7.32,9.85,,,,,,,6,76.21,52.86,17.17,1,8.7,7.2,37,6.2,7.3,9.9,8.74,36.95,7.32,7.17,6.18,9.85,0.54934,0.856712,0.426325,0.610792,17.67,7.73,ineff
1,LBS,S4_19,Exp.4,"H4, T3",no.training,constrained,inefficient,pick.up,yes.mitten,yes.causal,117,m,25.32,45,30.55,6.08,12.62,11.09,,,,,,,6,130.66,100.87,23.71,1,25.3,45,30.6,6.1,12.6,11.1,25.32,30.55,12.62,45,6.08,11.09,0.360068,0.834016,0.532265,0.57545,22.83,20.72,ineff
1,LBS,S4_20,Exp.4,"H4, T3",no.training,constrained,inefficient,pick.up,yes.mitten,yes.causal,116,f,17.96,9.65,8.59,9.06,9.16,7.02,8.09,7.5,6.66,5.81,14.19,7.83,12,111.52,36.2,24.27,0,18,9.7,8.6,9.1,9.2,7,17.96,8.59,9.16,9.65,9.06,7.02,0.650489,0.486686,0.566131,0.567769,11.9,8.58,ineff
0,LBS,S5_1,Exp.5,"H5, T4",no.training,constrained,efficient,pick.up,no.mitten,yes.causal,100,f,45,7.26,11.26,10.67,45,14.27,7.33,5.76,,,,,8,146.55,63.52,27.36,1,21.7,13.1,9.9,4.6,4,5.2,13.06,4.56,5.17,21.7,9.86,4.04,0.3757,0.3162,0.5613,0.417764,7.596667,11.866667,eff
1,LBS,S5_10,Exp.5,"H5, T4",no.training,constrained,efficient,pick.up,no.mitten,yes.causal,107,m,15.46,45,27.68,45,27.49,11.62,28.5,21.62,17.41,6.11,,,10,245.89,88.14,45.14,1,4.2,45,38,29.3,12.8,18.4,45,29.29,18.42,4.16,38,12.79,0.9154,0.4353,0.5902,0.646951,30.903333,18.316667,ineff
0,LBS,S5_2,Exp.5,"H5, T4",no.training,constrained,efficient,pick.up,no.mitten,yes.causal,93,f,45,21.61,39.16,35.32,20.16,12.71,8.38,,,,,,7,182.34,105.77,41.25,1,6.7,5.5,4.3,5.6,10.7,12.5,5.5,5.58,12.54,6.72,4.3,10.66,0.4501,0.5648,0.5405,0.518459,7.873333,7.226667,ineff
0,LBS,S5_3,Exp.5,"H5, T4",no.training,constrained,efficient,pick.up,no.mitten,yes.causal,116,m,36.6,35.1,5.44,6.59,7.02,5.58,,,,,,,6,96.33,77.14,19.19,1,5,5.7,4.5,4.9,4.2,5.6,5.72,4.9,5.56,4.98,4.51,4.18,0.5346,0.5207,0.5708,0.542048,5.393333,4.556667,ineff
0,LBS,S5_4,Exp.5,"H5, T4",no.training,constrained,efficient,pick.up,no.mitten,yes.causal,98,m,19.91,18.84,24.27,18.48,17.13,8.89,9.04,,,,,,7,116.56,63.02,35.06,1,8.5,11.2,10.6,8.4,13.2,6.8,11.23,8.36,6.77,8.54,10.64,13.2,0.568,0.44,0.339,0.449014,8.786667,10.793333,eff
0,LBS,S5_5,Exp.5,"H5, T4",no.training,constrained,efficient,pick.up,no.mitten,yes.causal,117,f,17.59,10.87,9.28,6.3,6.33,6.38,5.51,5.11,,,,,8,67.37,37.74,17,1,4.7,13,4.2,10.9,3.8,4.8,13.04,10.85,4.82,4.72,4.21,3.78,0.7342,0.7205,0.5605,0.671717,9.57,4.236667,ineff
1,LBS,S5_6,Exp.5,"H5, T4",no.training,constrained,efficient,pick.up,no.mitten,yes.causal,104,m,16.73,6.98,3.9,4.38,7.85,4.33,6.68,6.66,3.96,4.56,3.16,,11,69.19,27.61,11.68,1,4.3,4.1,3,4.6,2.1,4.3,4.09,4.59,4.33,4.26,2.97,2.1,0.4898,0.6071,0.6734,0.590123,4.336667,3.11,ineff
1,LBS,S5_7,Exp.5,"H5, T4",no.training,constrained,efficient,pick.up,no.mitten,yes.causal,116,m,17.93,8.4,4,10.75,5.11,6.38,5.99,7.18,4.26,2.57,2.23,,11,74.8,30.33,9.06,1,8,4,4.8,2,2,1.8,3.97,2.01,1.79,7.99,4.78,1.97,0.3319,0.296,0.4761,0.368009,2.59,4.913333,eff
1,LBS,S5_8,Exp.5,"H5, T4",no.training,constrained,efficient,pick.up,no.mitten,yes.causal,118,f,7.2,12.07,6.26,5.62,5.92,11.69,5.41,4.5,5.66,4.94,2.51,2.97,12,74.75,25.53,10.42,0,4.7,10.8,3.9,34.8,26.3,10.4,10.8,34.77,10.44,4.74,3.87,26.32,0.695,0.8998,0.284,0.626277,18.67,11.643333,ineff
1,LBS,S5_9,Exp.5,"H5, T4",no.training,constrained,efficient,pick.up,no.mitten,yes.causal,101,f,21.39,11.29,5.11,6.85,5,5.13,,,,,,,6,54.77,37.79,16.98,1,4.2,5.4,7.4,6.1,5,5.4,5.42,6.14,5.36,4.16,7.41,5.02,0.5658,0.4531,0.5164,0.511759,5.64,5.53,ineff
0,LBS,S5_11,Exp.5,"H5, T4",no.training,constrained,inefficient,pick.up,no.mitten,yes.causal,120,f,29.12,16.47,45,24.03,24.52,13.88,8.31,11.89,,,,,8,173.22,90.59,34.08,1,7.8,6.9,5.3,4.3,4.1,5.2,7.81,5.25,4.13,6.85,4.29,5.23,0.5327,0.5503,0.4412,0.508099,5.73,5.456667,ineff
0,LBS,S5_12,Exp.5,"H5, T4",no.training,constrained,inefficient,pick.up,no.mitten,yes.causal,108,m,23.66,17.68,15.7,18.21,5.71,8.77,10.45,,,,,,7,100.18,57.04,24.93,1,10.7,9.3,9.6,8.1,4.6,5.9,10.67,9.56,4.59,9.34,8.05,5.86,0.5332,0.5429,0.4392,0.505114,8.273333,7.75,ineff
0,LBS,S5_13,Exp.5,"H5, T4",no.training,constrained,inefficient,pick.up,no.mitten,yes.causal,109,m,42.31,13.14,23.8,14.29,14.5,12.21,19.36,13.21,13.21,10.69,4.85,,11,181.57,79.25,28.75,1,8.9,7.2,8,11.2,11.2,13.7,8.88,8,11.2,7.16,11.22,13.71,0.5536,0.4162,0.4496,0.473156,9.36,10.696667,eff
0,LBS,S5_14,Exp.5,"H5, T4",no.training,constrained,inefficient,pick.up,no.mitten,yes.causal,97,f,45,26.85,29.21,45,29.93,24.99,7.25,6.51,,,,,8,214.74,101.06,38.75,1,21.3,12.4,7.9,5.3,10.5,6.2,21.27,7.86,10.49,12.41,5.26,6.2,0.6315,0.5991,0.6285,0.619713,13.206667,7.956667,ineff
0,LBS,S5_15,Exp.5,"H5, T4",no.training,constrained,inefficient,pick.up,no.mitten,yes.causal,104,f,45,20.49,11.11,8.43,3.83,14.36,,,,,,,6,103.22,76.6,26.62,1,4.6,4.6,8.1,4.6,14.4,4.2,4.57,8.05,14.38,4.56,4.58,4.22,0.5005,0.6374,0.7731,0.637012,9,4.453333,ineff
1,LBS,S5_16,Exp.5,"H5, T4",no.training,constrained,inefficient,pick.up,no.mitten,yes.causal,110,f,11.38,29.05,4.54,6.17,5.05,9.7,,,,,,,6,65.89,44.97,20.92,1,7.3,4.3,4.5,8.5,9.2,4.2,7.32,4.49,9.23,4.27,8.48,4.17,0.6316,0.3462,0.6888,0.555523,7.013333,5.64,ineff
1,LBS,S5_17,Exp.5,"H5, T4",no.training,constrained,inefficient,pick.up,no.mitten,yes.causal,113,f,45,36.72,17.75,11.02,24.39,26.53,7.41,,,,,,7,168.82,99.47,58.33,1,8.6,20,11.5,8.2,9.1,11.7,8.58,11.45,9.1,19.95,8.24,11.65,0.3007,0.5815,0.4386,0.440268,9.71,13.28,eff
1,LBS,S5_18,Exp.5,"H5, T4",no.training,constrained,inefficient,pick.up,no.mitten,yes.causal,105,m,33.3,10.23,9.44,7.81,5.34,4.66,,,,,,,6,70.78,52.97,17.81,1,4,4.8,10.3,4,5.5,8.1,3.98,10.26,5.5,4.83,3.95,8.1,0.4518,0.722,0.4044,0.526066,6.58,5.626667,ineff
1,LBS,S5_19,Exp.5,"H5, T4",no.training,constrained,inefficient,pick.up,no.mitten,yes.causal,116,f,20.26,7.72,16.55,11.52,8.51,11.76,7.6,4.25,5.91,,,,9,94.08,44.53,17.76,1,7.3,9.7,8.7,2.6,11.9,14.4,7.25,8.65,11.86,9.66,2.55,14.41,0.4287,0.7723,0.4515,0.550842,9.253333,8.873333,ineff
1,LBS,S5_20,Exp.5,"H5, T4",no.training,constrained,inefficient,pick.up,no.mitten,yes.causal,107,f,45,41.82,11.3,21.37,21.38,10.27,,,,,,,6,151.14,98.12,53.02,1,20.8,9.1,18.6,11.9,5,5.4,20.82,18.63,4.99,9.13,11.89,5.36,0.6952,0.6104,0.4821,0.595901,14.813333,8.793333,ineff
0,SCS,SCS_S1_10,SCS.Exp.1,,effective.training,constrained,efficient,pick.up,yes.mitten,yes.causal,108,m,NA,NA,NA,NA,NA,NA,NA,NA,NA,NA,NA,NA,NA,NA,NA,NA,0,NA,NA,NA,NA,NA,NA,8.4,6.9,11.2,12.7,3.6,6.4,0.398104,0.657143,0.636364,0.56387,8.833333,7.566667,ineff
0,SCS,SCS_S1_13,SCS.Exp.1,,effective.training,constrained,efficient,pick.up,yes.mitten,yes.causal,121,m,NA,NA,NA,NA,NA,NA,NA,NA,NA,NA,NA,NA,NA,NA,NA,NA,0,NA,NA,NA,NA,NA,NA,8.1,12.4,5.9,6.8,3,4.8,0.543624,0.805195,0.551402,0.633407,8.8,4.866667,ineff
0,SCS,SCS_S1_14,SCS.Exp.1,,effective.training,constrained,efficient,pick.up,yes.mitten,yes.causal,105,m,NA,NA,NA,NA,NA,NA,NA,NA,NA,NA,NA,NA,NA,NA,NA,NA,1,NA,NA,NA,NA,NA,NA,9.1,2.8,2,8.7,4.9,5.1,0.511236,0.363636,0.28169,0.385521,4.633333,6.233333,eff
0,SCS,SCS_S1_16,SCS.Exp.1,,effective.training,constrained,efficient,pick.up,yes.mitten,yes.causal,118,f,NA,NA,NA,NA,NA,NA,NA,NA,NA,NA,NA,NA,NA,NA,NA,NA,1,NA,NA,NA,NA,NA,NA,6.1,3.9,2.6,5,4,3.4,0.54955,0.493671,0.433333,0.492185,4.2,4.133333,ineff
0,SCS,SCS_S1_18,SCS.Exp.1,,effective.training,constrained,efficient,pick.up,yes.mitten,yes.causal,103,m,NA,NA,NA,NA,NA,NA,NA,NA,NA,NA,NA,NA,NA,NA,NA,NA,1,NA,NA,NA,NA,NA,NA,6.4,7.5,19.6,7.8,13.5,4.1,0.450704,0.357143,0.827004,0.54495,11.166667,8.466667,ineff
0,SCS,SCS_S1_19,SCS.Exp.1,,effective.training,constrained,efficient,pick.up,yes.mitten,yes.causal,111,f,NA,NA,NA,NA,NA,NA,NA,NA,NA,NA,NA,NA,NA,NA,NA,NA,0,NA,NA,NA,NA,NA,NA,28.2,7.8,11.4,22.7,8.2,7.8,0.554028,0.4875,0.59375,0.545093,15.8,12.9,ineff
0,SCS,SCS_S1_3,SCS.Exp.1,,effective.training,constrained,efficient,pick.up,yes.mitten,yes.causal,107,m,NA,NA,NA,NA,NA,NA,NA,NA,NA,NA,NA,NA,NA,NA,NA,NA,1,NA,NA,NA,NA,NA,NA,6,6.2,7.5,5.8,7.5,9.2,0.508475,0.452555,0.449102,0.470044,6.566667,7.5,eff
0,SCS,SCS_S1_5,SCS.Exp.1,,effective.training,constrained,efficient,pick.up,yes.mitten,yes.causal,120,m,NA,NA,NA,NA,NA,NA,NA,NA,NA,NA,NA,NA,NA,NA,NA,NA,1,NA,NA,NA,NA,NA,NA,2.3,2.5,1.9,2.2,2.1,2.7,0.511111,0.543478,0.413043,0.489211,2.233333,2.333333,eff
0,SCS,SCS_S1_6,SCS.Exp.1,,effective.training,constrained,efficient,pick.up,yes.mitten,yes.causal,103,f,NA,NA,NA,NA,NA,NA,NA,NA,NA,NA,NA,NA,NA,NA,NA,NA,0,NA,NA,NA,NA,NA,NA,25.3,18.5,12.9,45,8.3,10.1,0.359886,0.690299,0.56087,0.537018,18.9,21.133333,eff
0,SCS,SCS_S1_8,SCS.Exp.1,,effective.training,constrained,efficient,pick.up,yes.mitten,yes.causal,93,m,NA,NA,NA,NA,NA,NA,NA,NA,NA,NA,NA,NA,NA,NA,NA,NA,0,NA,NA,NA,NA,NA,NA,3.7,4.8,2.9,2.5,4.3,6.8,0.596774,0.527473,0.298969,0.474405,3.8,4.533333,eff
0,SCS,SCS_S1_1,SCS.Exp.1,,effective.training,constrained,inefficient,pick.up,yes.mitten,yes.causal,96,f,NA,NA,NA,NA,NA,NA,NA,NA,NA,NA,NA,NA,NA,NA,NA,NA,0,NA,NA,NA,NA,NA,NA,4.8,5.9,6,5.7,4.8,8.1,0.457143,0.551402,0.425532,0.478026,5.566667,6.2,eff
0,SCS,SCS_S1_11,SCS.Exp.1,,effective.training,constrained,inefficient,pick.up,yes.mitten,yes.causal,99,m,NA,NA,NA,NA,NA,NA,NA,NA,NA,NA,NA,NA,NA,NA,NA,NA,0,NA,NA,NA,NA,NA,NA,6.8,30.9,8.2,4.7,3.6,11.4,0.591304,0.895652,0.418367,0.635108,15.3,6.566667,ineff
0,SCS,SCS_S1_12,SCS.Exp.1,,effective.training,constrained,inefficient,pick.up,yes.mitten,yes.causal,112,f,NA,NA,NA,NA,NA,NA,NA,NA,NA,NA,NA,NA,NA,NA,NA,NA,0,NA,NA,NA,NA,NA,NA,15.7,45,45,7.4,45,45,0.679654,0.5,0.5,0.559885,35.233333,32.466667,ineff
0,SCS,SCS_S1_15,SCS.Exp.1,,effective.training,constrained,inefficient,pick.up,yes.mitten,yes.causal,115,m,NA,NA,NA,NA,NA,NA,NA,NA,NA,NA,NA,NA,NA,NA,NA,NA,0,NA,NA,NA,NA,NA,NA,5.7,5.7,5.5,2.6,2.5,6.2,0.686747,0.695122,0.470085,0.617318,5.633333,3.766667,ineff
0,SCS,SCS_S1_17,SCS.Exp.1,,effective.training,constrained,inefficient,pick.up,yes.mitten,yes.causal,110,m,NA,NA,NA,NA,NA,NA,NA,NA,NA,NA,NA,NA,NA,NA,NA,NA,1,NA,NA,NA,NA,NA,NA,25,7.4,19.3,15,6.8,6.1,0.625,0.521127,0.759843,0.635323,17.233333,9.3,ineff
0,SCS,SCS_S1_2,SCS.Exp.1,,effective.training,constrained,inefficient,pick.up,yes.mitten,yes.causal,111,m,NA,NA,NA,NA,NA,NA,NA,NA,NA,NA,NA,NA,NA,NA,NA,NA,0,NA,NA,NA,NA,NA,NA,25.6,13.2,10.9,15,5.8,4.9,0.630542,0.694737,0.689873,0.671717,16.566667,8.566667,ineff
0,SCS,SCS_S1_20,SCS.Exp.1,,effective.training,constrained,inefficient,pick.up,yes.mitten,yes.causal,99,f,NA,NA,NA,NA,NA,NA,NA,NA,NA,NA,NA,NA,NA,NA,NA,NA,0,NA,NA,NA,NA,NA,NA,7.2,6.9,7.6,2.2,4.6,7.4,0.765957,0.6,0.506667,0.624208,7.233333,4.733333,ineff
0,SCS,SCS_S1_4,SCS.Exp.1,,effective.training,constrained,inefficient,pick.up,yes.mitten,yes.causal,116,f,NA,NA,NA,NA,NA,NA,NA,NA,NA,NA,NA,NA,NA,NA,NA,NA,0,NA,NA,NA,NA,NA,NA,5.8,5,7.7,6.8,1.5,5.8,0.460317,0.769231,0.57037,0.599973,6.166667,4.7,ineff
0,SCS,SCS_S1_7,SCS.Exp.1,,effective.training,constrained,inefficient,pick.up,yes.mitten,yes.causal,114,m,NA,NA,NA,NA,NA,NA,NA,NA,NA,NA,NA,NA,NA,NA,NA,NA,1,NA,NA,NA,NA,NA,NA,7.6,20.5,20.9,6.3,45,12.1,0.546763,0.312977,0.633333,0.497691,16.333333,21.133333,eff
0,SCS,SCS_S1_9,SCS.Exp.1,,effective.training,constrained,inefficient,pick.up,yes.mitten,yes.causal,116,f,NA,NA,NA,NA,NA,NA,NA,NA,NA,NA,NA,NA,NA,NA,NA,NA,0,NA,NA,NA,NA,NA,NA,8.8,4.5,20.7,17.9,21.4,3,0.329588,0.173745,0.873418,0.458917,11.333333,14.1,eff
0,SCS,SCS_S2_13,SCS.Exp.2,,ineffective.training,constrained,efficient,pick.up,yes.mitten,yes.causal,113,f,NA,NA,NA,NA,NA,NA,NA,NA,NA,NA,NA,NA,NA,NA,NA,NA,1,NA,NA,NA,NA,NA,NA,1.9,4.7,8.1,13.3,6,17,0.125,0.439252,0.322709,0.295654,4.9,12.1,eff
0,SCS,SCS_S2_17,SCS.Exp.2,,ineffective.training,constrained,efficient,pick.up,yes.mitten,yes.causal,119,f,NA,NA,NA,NA,NA,NA,NA,NA,NA,NA,NA,NA,NA,NA,NA,NA,0,NA,NA,NA,NA,NA,NA,12.9,17.7,20.4,26.3,18.3,10.8,0.329082,0.491667,0.653846,0.491531,17,18.466667,eff
0,SCS,SCS_S2_18,SCS.Exp.2,,ineffective.training,constrained,efficient,pick.up,yes.mitten,yes.causal,119,m,NA,NA,NA,NA,NA,NA,NA,NA,NA,NA,NA,NA,NA,NA,NA,NA,1,NA,NA,NA,NA,NA,NA,7.8,9.7,9.3,7.3,7.4,12.2,0.516556,0.567251,0.432558,0.505455,8.933333,8.966667,eff
0,SCS,SCS_S2_19,SCS.Exp.2,,ineffective.training,constrained,efficient,pick.up,yes.mitten,yes.causal,94,m,NA,NA,NA,NA,NA,NA,NA,NA,NA,NA,NA,NA,NA,NA,NA,NA,0,NA,NA,NA,NA,NA,NA,15,13.4,12.6,28.2,15.7,11.2,0.347222,0.460481,0.529412,0.445705,13.666667,18.366667,eff
0,SCS,SCS_S2_2,SCS.Exp.2,,ineffective.training,constrained,efficient,pick.up,yes.mitten,yes.causal,116,f,NA,NA,NA,NA,NA,NA,NA,NA,NA,NA,NA,NA,NA,NA,NA,NA,0,NA,NA,NA,NA,NA,NA,5.2,4.9,5.7,5.7,14.5,9.8,0.477064,0.252577,0.367742,0.365794,5.266667,10,eff
0,SCS,SCS_S2_3,SCS.Exp.2,,ineffective.training,constrained,efficient,pick.up,yes.mitten,yes.causal,104,f,NA,NA,NA,NA,NA,NA,NA,NA,NA,NA,NA,NA,NA,NA,NA,NA,0,NA,NA,NA,NA,NA,NA,45,7.8,7.5,45,35.3,13.5,0.5,0.180974,0.357143,0.346039,20.1,31.266667,eff
0,SCS,SCS_S2_4,SCS.Exp.2,,ineffective.training,constrained,efficient,pick.up,yes.mitten,yes.causal,101,f,NA,NA,NA,NA,NA,NA,NA,NA,NA,NA,NA,NA,NA,NA,NA,NA,0,NA,NA,NA,NA,NA,NA,4.2,5.8,11.8,15.6,5.6,22.1,0.212121,0.508772,0.348083,0.356325,7.266667,14.433333,eff
0,SCS,SCS_S2_5,SCS.Exp.2,,ineffective.training,constrained,efficient,pick.up,yes.mitten,yes.causal,105,m,NA,NA,NA,NA,NA,NA,NA,NA,NA,NA,NA,NA,NA,NA,NA,NA,1,NA,NA,NA,NA,NA,NA,6.6,9.8,32.1,7.7,16.9,14,0.461538,0.367041,0.696312,0.508297,16.166667,12.866667,ineff
0,SCS,SCS_S2_6,SCS.Exp.2,,ineffective.training,constrained,efficient,pick.up,yes.mitten,yes.causal,107,f,NA,NA,NA,NA,NA,NA,NA,NA,NA,NA,NA,NA,NA,NA,NA,NA,0,NA,NA,NA,NA,NA,NA,7.1,7.1,11.8,11.9,7.7,8.7,0.373684,0.47973,0.57561,0.476341,8.666667,9.433333,eff
0,SCS,SCS_S2_8,SCS.Exp.2,,ineffective.training,constrained,efficient,pick.up,yes.mitten,yes.causal,108,m,NA,NA,NA,NA,NA,NA,NA,NA,NA,NA,NA,NA,NA,NA,NA,NA,NA,NA,NA,NA,NA,NA,NA,7,15.5,10.1,18.9,5.6,6.1,0.27027,0.734597,0.623457,0.542775,10.866667,10.2,ineff
0,SCS,SCS_S2_1,SCS.Exp.2,,ineffective.training,constrained,inefficient,pick.up,yes.mitten,yes.causal,98,m,NA,NA,NA,NA,NA,NA,NA,NA,NA,NA,NA,NA,NA,NA,NA,NA,0,NA,NA,NA,NA,NA,NA,5.3,5.8,5.2,4.9,3.3,3.9,0.519608,0.637363,0.571429,0.576133,5.433333,4.033333,ineff
0,SCS,SCS_S2_10,SCS.Exp.2,,ineffective.training,constrained,inefficient,pick.up,yes.mitten,yes.causal,107,m,NA,NA,NA,NA,NA,NA,NA,NA,NA,NA,NA,NA,NA,NA,NA,NA,0,NA,NA,NA,NA,NA,NA,14.3,14.3,12.5,8.9,7.5,14.1,0.616379,0.655963,0.469925,0.580756,13.7,10.166667,ineff
0,SCS,SCS_S2_11,SCS.Exp.2,,ineffective.training,constrained,inefficient,pick.up,yes.mitten,yes.causal,102,f,NA,NA,NA,NA,NA,NA,NA,NA,NA,NA,NA,NA,NA,NA,NA,NA,1,NA,NA,NA,NA,NA,NA,6.8,14.9,5.5,6,6.3,29,0.53125,0.70283,0.15942,0.4645,9.066667,13.766667,eff
0,SCS,SCS_S2_12,SCS.Exp.2,,ineffective.training,constrained,inefficient,pick.up,yes.mitten,yes.causal,122,f,NA,NA,NA,NA,NA,NA,NA,NA,NA,NA,NA,NA,NA,NA,NA,NA,0,NA,NA,NA,NA,NA,NA,14.8,13.8,11.1,16.5,11.2,6.7,0.472843,0.552,0.623596,0.54948,13.233333,11.466667,ineff
0,SCS,SCS_S2_14,SCS.Exp.2,,ineffective.training,constrained,inefficient,pick.up,yes.mitten,yes.causal,115,m,NA,NA,NA,NA,NA,NA,NA,NA,NA,NA,NA,NA,NA,NA,NA,NA,0,NA,NA,NA,NA,NA,NA,21,8.8,5.3,6.5,6.5,7.8,0.763636,0.575163,0.40458,0.581127,11.7,6.933333,ineff
0,SCS,SCS_S2_15,SCS.Exp.2,,ineffective.training,constrained,inefficient,pick.up,yes.mitten,yes.causal,97,f,NA,NA,NA,NA,NA,NA,NA,NA,NA,NA,NA,NA,NA,NA,NA,NA,0,NA,NA,NA,NA,NA,NA,4.6,2.5,6.5,6.3,6.5,6.2,0.422018,0.277778,0.511811,0.403869,4.533333,6.333333,eff
0,SCS,SCS_S2_16,SCS.Exp.2,,ineffective.training,constrained,inefficient,pick.up,yes.mitten,yes.causal,97,m,NA,NA,NA,NA,NA,NA,NA,NA,NA,NA,NA,NA,NA,NA,NA,NA,0,NA,NA,NA,NA,NA,NA,7.9,9.2,6.6,19.9,16,7.8,0.284173,0.365079,0.458333,0.369195,7.9,14.566667,eff
0,SCS,SCS_S2_20,SCS.Exp.2,,ineffective.training,constrained,inefficient,pick.up,yes.mitten,yes.causal,102,m,NA,NA,NA,NA,NA,NA,NA,NA,NA,NA,NA,NA,NA,NA,NA,NA,0,NA,NA,NA,NA,NA,NA,9.6,0.6,2.6,9.3,9.7,5.3,0.507937,0.058252,0.329114,0.298434,4.266667,8.1,eff
0,SCS,SCS_S2_7,SCS.Exp.2,,ineffective.training,constrained,inefficient,pick.up,yes.mitten,yes.causal,109,m,NA,NA,NA,NA,NA,NA,NA,NA,NA,NA,NA,NA,NA,NA,NA,NA,0,NA,NA,NA,NA,NA,NA,34.1,15.3,16.6,11.9,6.6,45,0.741304,0.69863,0.269481,0.569805,22,21.166667,ineff
0,SCS,SCS_S2_9,SCS.Exp.2,,ineffective.training,constrained,inefficient,pick.up,yes.mitten,yes.causal,93,f,NA,NA,NA,NA,NA,NA,NA,NA,NA,NA,NA,NA,NA,NA,NA,NA,1,NA,NA,NA,NA,NA,NA,9.1,18.1,7.9,11,18.2,1.2,0.452736,0.498623,0.868132,0.606497,11.7,10.133333,ineff
0,SCS,SCS_S3_10,SCS.Exp.3,,no.training,constrained,efficient,pick.up,yes.mitten,yes.causal,107,m,NA,NA,NA,NA,NA,NA,NA,NA,NA,NA,NA,NA,NA,NA,NA,NA,0,NA,NA,NA,NA,NA,NA,6.1,3.4,4,5.3,9.7,4.2,0.535088,0.259542,0.487805,0.427478,4.5,6.4,eff
0,SCS,SCS_S3_12,SCS.Exp.3,,no.training,constrained,efficient,pick.up,yes.mitten,yes.causal,118,f,NA,NA,NA,NA,NA,NA,NA,NA,NA,NA,NA,NA,NA,NA,NA,NA,1,NA,NA,NA,NA,NA,NA,2.4,2.3,1.9,2.9,2.1,1.9,0.45283,0.522727,0.5,0.491852,2.2,2.3,eff
0,SCS,SCS_S3_14,SCS.Exp.3,,no.training,constrained,efficient,pick.up,yes.mitten,yes.causal,108,f,NA,NA,NA,NA,NA,NA,NA,NA,NA,NA,NA,NA,NA,NA,NA,NA,0,NA,NA,NA,NA,NA,NA,11.5,12.1,12.6,8.7,10.4,5.4,0.569307,0.537778,0.7,0.602362,12.066667,8.166667,ineff
0,SCS,SCS_S3_15,SCS.Exp.3,,no.training,constrained,efficient,pick.up,yes.mitten,yes.causal,118,m,NA,NA,NA,NA,NA,NA,NA,NA,NA,NA,NA,NA,NA,NA,NA,NA,0,NA,NA,NA,NA,NA,NA,7.7,8.4,6.5,19,9.6,14.7,0.28839,0.466667,0.306604,0.353887,7.533333,14.433333,eff
0,SCS,SCS_S3_16,SCS.Exp.3,,no.training,constrained,efficient,pick.up,yes.mitten,yes.causal,118,m,NA,NA,NA,NA,NA,NA,NA,NA,NA,NA,NA,NA,NA,NA,NA,NA,0,NA,NA,NA,NA,NA,NA,6.4,5,19.1,5.1,4.9,12.2,0.556522,0.505051,0.610224,0.557265,10.166667,7.4,ineff
0,SCS,SCS_S3_18,SCS.Exp.3,,no.training,constrained,efficient,pick.up,yes.mitten,yes.causal,111,m,NA,NA,NA,NA,NA,NA,NA,NA,NA,NA,NA,NA,NA,NA,NA,NA,0,NA,NA,NA,NA,NA,NA,5.8,8.4,5.2,37.5,14.8,3.1,0.133949,0.362069,0.626506,0.374175,6.466667,18.466667,eff
0,SCS,SCS_S3_19,SCS.Exp.3,,no.training,constrained,efficient,pick.up,yes.mitten,yes.causal,91,m,NA,NA,NA,NA,NA,NA,NA,NA,NA,NA,NA,NA,NA,NA,NA,NA,0,NA,NA,NA,NA,NA,NA,28.1,2.8,13.6,25.3,23.8,7.1,0.526217,0.105263,0.657005,0.429495,14.833333,18.733333,eff
0,SCS,SCS_S3_3,SCS.Exp.3,,no.training,constrained,efficient,pick.up,yes.mitten,yes.causal,108,f,NA,NA,NA,NA,NA,NA,NA,NA,NA,NA,NA,NA,NA,NA,NA,NA,1,NA,NA,NA,NA,NA,NA,19.8,20,7.2,45,14.3,6.9,0.305556,0.58309,0.510638,0.466428,15.666667,22.066667,eff
0,SCS,SCS_S3_5,SCS.Exp.3,,no.training,constrained,efficient,pick.up,yes.mitten,yes.causal,93,m,NA,NA,NA,NA,NA,NA,NA,NA,NA,NA,NA,NA,NA,NA,NA,NA,0,NA,NA,NA,NA,NA,NA,6.8,9.3,8.3,8.2,8.9,16.4,0.453333,0.510989,0.336032,0.433452,8.133333,11.166667,eff
0,SCS,SCS_S3_8,SCS.Exp.3,,no.training,constrained,efficient,pick.up,yes.mitten,yes.causal,120,m,NA,NA,NA,NA,NA,NA,NA,NA,NA,NA,NA,NA,NA,NA,NA,NA,1,NA,NA,NA,NA,NA,NA,9,7.3,13.5,10.4,41.6,20.6,0.463918,0.149284,0.395894,0.336365,9.933333,24.2,eff
0,SCS,SCS_S3_1,SCS.Exp.3,,no.training,constrained,inefficient,pick.up,yes.mitten,yes.causal,109,m,NA,NA,NA,NA,NA,NA,NA,NA,NA,NA,NA,NA,NA,NA,NA,NA,1,NA,NA,NA,NA,NA,NA,4.7,4.7,3,5.5,4.4,3.3,0.460784,0.516484,0.47619,0.484486,4.133333,4.4,eff
0,SCS,SCS_S3_11,SCS.Exp.3,,no.training,constrained,inefficient,pick.up,yes.mitten,yes.causal,110,f,NA,NA,NA,NA,NA,NA,NA,NA,NA,NA,NA,NA,NA,NA,NA,NA,0,NA,NA,NA,NA,NA,NA,12,16.3,17,9.6,2.7,18,0.555556,0.857895,0.485714,0.633055,15.1,10.1,ineff
0,SCS,SCS_S3_13,SCS.Exp.3,,no.training,constrained,inefficient,pick.up,yes.mitten,yes.causal,113,m,NA,NA,NA,NA,NA,NA,NA,NA,NA,NA,NA,NA,NA,NA,NA,NA,0,NA,NA,NA,NA,NA,NA,10.7,19.9,4.9,8.8,9.7,6.7,0.548718,0.672297,0.422414,0.54781,11.833333,8.4,ineff
0,SCS,SCS_S3_17,SCS.Exp.3,,no.training,constrained,inefficient,pick.up,yes.mitten,yes.causal,121,f,NA,NA,NA,NA,NA,NA,NA,NA,NA,NA,NA,NA,NA,NA,NA,NA,0,NA,NA,NA,NA,NA,NA,18.6,41.9,29,43.6,13.7,14.8,0.299035,0.753597,0.6621,0.571578,29.833333,24.033333,ineff
0,SCS,SCS_S3_2,SCS.Exp.3,,no.training,constrained,inefficient,pick.up,yes.mitten,yes.causal,103,f,NA,NA,NA,NA,NA,NA,NA,NA,NA,NA,NA,NA,NA,NA,NA,NA,1,NA,NA,NA,NA,NA,NA,12.1,6.1,22.2,9.1,29.8,5.1,0.570755,0.169916,0.813187,0.517953,13.466667,14.666667,eff
0,SCS,SCS_S3_20,SCS.Exp.3,,no.training,constrained,inefficient,pick.up,yes.mitten,yes.causal,104,f,NA,NA,NA,NA,NA,NA,NA,NA,NA,NA,NA,NA,NA,NA,NA,NA,0,NA,NA,NA,NA,NA,NA,6.4,7.1,4.6,9.2,4.7,13.9,0.410256,0.601695,0.248649,0.4202,6.033333,9.266667,eff
0,SCS,SCS_S3_4,SCS.Exp.3,,no.training,constrained,inefficient,pick.up,yes.mitten,yes.causal,104,f,NA,NA,NA,NA,NA,NA,NA,NA,NA,NA,NA,NA,NA,NA,NA,NA,1,NA,NA,NA,NA,NA,NA,29.3,7.2,3,32.8,15.7,1.6,0.47182,0.31441,0.652174,0.479468,13.166667,16.7,eff
0,SCS,SCS_S3_6,SCS.Exp.3,,no.training,constrained,inefficient,pick.up,yes.mitten,yes.causal,104,f,NA,NA,NA,NA,NA,NA,NA,NA,NA,NA,NA,NA,NA,NA,NA,NA,1,NA,NA,NA,NA,NA,NA,18.1,3.9,33.8,37.8,9.6,12.1,0.323792,0.288889,0.736383,0.449688,18.6,19.833333,eff
0,SCS,SCS_S3_7,SCS.Exp.3,,no.training,constrained,inefficient,pick.up,yes.mitten,yes.causal,97,f,NA,NA,NA,NA,NA,NA,NA,NA,NA,NA,NA,NA,NA,NA,NA,NA,0,NA,NA,NA,NA,NA,NA,45,34.3,9.4,45,12.7,23.8,0.5,0.729787,0.283133,0.504307,29.566667,27.166667,ineff
0,SCS,SCS_S3_9,SCS.Exp.3,,no.training,constrained,inefficient,pick.up,yes.mitten,yes.causal,105,m,NA,NA,NA,NA,NA,NA,NA,NA,NA,NA,NA,NA,NA,NA,NA,NA,0,NA,NA,NA,NA,NA,NA,14.5,5.1,12.5,7.6,6.5,14.7,0.656109,0.439655,0.459559,0.518441,10.7,9.6,ineff
0,SCS,SCS_S4_10,SCS.Exp.4,,effective.training,constrained,efficient,pick.up,yes.mitten,yes.causal,117,m,NA,NA,NA,NA,NA,NA,NA,NA,NA,NA,NA,NA,NA,NA,NA,NA,1,NA,NA,NA,NA,NA,NA,14,12.2,17.6,11.5,7.7,16.9,0.54902,0.613065,0.510145,0.55741,14.6,12.033333,ineff
0,SCS,SCS_S4_13,SCS.Exp.4,,effective.training,constrained,efficient,pick.up,yes.mitten,yes.causal,112,m,NA,NA,NA,NA,NA,NA,NA,NA,NA,NA,NA,NA,NA,NA,NA,NA,1,NA,NA,NA,NA,NA,NA,7,5.8,14.9,5.2,4.5,4.9,0.57377,0.563107,0.752525,0.629801,9.233333,4.866667,ineff
0,SCS,SCS_S4_14,SCS.Exp.4,,effective.training,constrained,efficient,pick.up,yes.mitten,yes.causal,116,f,NA,NA,NA,NA,NA,NA,NA,NA,NA,NA,NA,NA,NA,NA,NA,NA,0,NA,NA,NA,NA,NA,NA,9.2,6.2,20,6.8,6.5,9.2,0.575,0.488189,0.684932,0.582707,11.8,7.5,ineff
0,SCS,SCS_S4_15,SCS.Exp.4,,effective.training,constrained,efficient,pick.up,yes.mitten,yes.causal,120,m,NA,NA,NA,NA,NA,NA,NA,NA,NA,NA,NA,NA,NA,NA,NA,NA,0,NA,NA,NA,NA,NA,NA,6.1,4.5,20.8,9.1,6.7,3.3,0.401316,0.401786,0.863071,0.555391,10.466667,6.366667,ineff
0,SCS,SCS_S4_19,SCS.Exp.4,,effective.training,constrained,efficient,pick.up,yes.mitten,yes.causal,95,m,NA,NA,NA,NA,NA,NA,NA,NA,NA,NA,NA,NA,NA,NA,NA,NA,0,NA,NA,NA,NA,NA,NA,31.4,18,4.6,45,9.7,7.1,0.410995,0.649819,0.393162,0.484659,18,20.6,eff
0,SCS,SCS_S4_20,SCS.Exp.4,,effective.training,constrained,efficient,pick.up,yes.mitten,yes.causal,112,m,NA,NA,NA,NA,NA,NA,NA,NA,NA,NA,NA,NA,NA,NA,NA,NA,1,NA,NA,NA,NA,NA,NA,8.2,6.3,6.6,11.2,6.7,1.1,0.42268,0.484615,0.857143,0.588146,7.033333,6.333333,ineff
0,SCS,SCS_S4_23,SCS.Exp.4,,effective.training,constrained,efficient,pick.up,yes.mitten,yes.causal,100,f,NA,NA,NA,NA,NA,NA,NA,NA,NA,NA,NA,NA,NA,NA,NA,NA,1,NA,NA,NA,NA,NA,NA,7.4,4.5,2.7,7.9,4.3,2.7,0.48366,0.511364,0.5,0.498341,4.866667,4.966667,eff
0,SCS,SCS_S4_25,SCS.Exp.4,,effective.training,constrained,efficient,pick.up,yes.mitten,yes.causal,118,f,NA,NA,NA,NA,NA,NA,NA,NA,NA,NA,NA,NA,NA,NA,NA,NA,0,NA,NA,NA,NA,NA,NA,23,19.5,15.4,18.3,9.5,6.9,0.556901,0.672414,0.690583,0.639966,19.3,11.566667,ineff
0,SCS,SCS_S4_26,SCS.Exp.4,,effective.training,constrained,efficient,pick.up,yes.mitten,yes.causal,96,f,NA,NA,NA,NA,NA,NA,NA,NA,NA,NA,NA,NA,NA,NA,NA,NA,1,NA,NA,NA,NA,NA,NA,5.4,7.7,9.5,28.2,22.1,4.1,0.160714,0.258389,0.698529,0.372544,7.533333,18.133333,eff
0,SCS,SCS_S4_4,SCS.Exp.4,,effective.training,constrained,efficient,pick.up,yes.mitten,yes.causal,114,f,NA,NA,NA,NA,NA,NA,NA,NA,NA,NA,NA,NA,NA,NA,NA,NA,0,NA,NA,NA,NA,NA,NA,21.7,7.7,5,7.2,9.5,5.2,0.750865,0.447674,0.490196,0.562912,11.466667,7.3,ineff
0,SCS,SCS_S4_5,SCS.Exp.4,,effective.training,constrained,efficient,pick.up,yes.mitten,yes.causal,119,m,NA,NA,NA,NA,NA,NA,NA,NA,NA,NA,NA,NA,NA,NA,NA,NA,0,NA,NA,NA,NA,NA,NA,8.6,12.5,12.4,9.5,4.7,6.5,0.475138,0.726744,0.656085,0.619322,11.166667,6.9,ineff
0,SCS,SCS_S4_6,SCS.Exp.4,,effective.training,constrained,efficient,pick.up,yes.mitten,yes.causal,115,m,NA,NA,NA,NA,NA,NA,NA,NA,NA,NA,NA,NA,NA,NA,NA,NA,0,NA,NA,NA,NA,NA,NA,5.8,5,25.9,12.3,5.3,6,0.320442,0.485437,0.811912,0.539264,12.233333,7.866667,ineff
0,SCS,SCS_S4_9,SCS.Exp.4,,effective.training,constrained,efficient,pick.up,yes.mitten,yes.causal,94,f,NA,NA,NA,NA,NA,NA,NA,NA,NA,NA,NA,NA,NA,NA,NA,NA,1,NA,NA,NA,NA,NA,NA,28.8,9.1,7.4,5.7,5.4,5.4,0.834783,0.627586,0.578125,0.680165,15.1,5.5,ineff
0,SCS,SCS_S4_1,SCS.Exp.4,,effective.training,constrained,inefficient,pick.up,yes.mitten,yes.causal,107,f,NA,NA,NA,NA,NA,NA,NA,NA,NA,NA,NA,NA,NA,NA,NA,NA,0,NA,NA,NA,NA,NA,NA,5.4,5.9,9.8,7.2,8.4,5.7,0.428571,0.412587,0.632258,0.491139,7.033333,7.1,eff
0,SCS,SCS_S4_11,SCS.Exp.4,,effective.training,constrained,inefficient,pick.up,yes.mitten,yes.causal,118,f,NA,NA,NA,NA,NA,NA,NA,NA,NA,NA,NA,NA,NA,NA,NA,NA,0,NA,NA,NA,NA,NA,NA,4.2,10.2,6.1,2.3,8,5,0.646154,0.56044,0.54955,0.585381,6.833333,5.1,ineff
0,SCS,SCS_S4_12,SCS.Exp.4,,effective.training,constrained,inefficient,pick.up,yes.mitten,yes.causal,118,m,NA,NA,NA,NA,NA,NA,NA,NA,NA,NA,NA,NA,NA,NA,NA,NA,1,NA,NA,NA,NA,NA,NA,31.3,9.8,16,10.5,14.2,6.4,0.748804,0.408333,0.714286,0.623808,19.033333,10.366667,ineff
0,SCS,SCS_S4_16,SCS.Exp.4,,effective.training,constrained,inefficient,pick.up,yes.mitten,yes.causal,98,m,NA,NA,NA,NA,NA,NA,NA,NA,NA,NA,NA,NA,NA,NA,NA,NA,0,NA,NA,NA,NA,NA,NA,17.6,12.4,19.9,7,5.6,4.7,0.715447,0.688889,0.808943,0.73776,16.633333,5.766667,ineff
0,SCS,SCS_S4_17,SCS.Exp.4,,effective.training,constrained,inefficient,pick.up,yes.mitten,yes.causal,96,m,NA,NA,NA,NA,NA,NA,NA,NA,NA,NA,NA,NA,NA,NA,NA,NA,0,NA,NA,NA,NA,NA,NA,5.9,5.8,6.1,5.1,0.8,2.7,0.536364,0.878788,0.693182,0.702778,5.933333,2.866667,ineff
0,SCS,SCS_S4_18,SCS.Exp.4,,effective.training,constrained,inefficient,pick.up,yes.mitten,yes.causal,95,m,NA,NA,NA,NA,NA,NA,NA,NA,NA,NA,NA,NA,NA,NA,NA,NA,0,NA,NA,NA,NA,NA,NA,7.1,5.1,8.2,6.6,11,10.4,0.518248,0.31677,0.44086,0.425293,6.8,9.333333,eff
0,SCS,SCS_S4_2,SCS.Exp.4,,effective.training,constrained,inefficient,pick.up,yes.mitten,yes.causal,111,f,NA,NA,NA,NA,NA,NA,NA,NA,NA,NA,NA,NA,NA,NA,NA,NA,0,NA,NA,NA,NA,NA,NA,24,7.6,6.3,10.2,18.1,8.1,0.701754,0.29572,0.4375,0.478325,12.633333,12.133333,ineff
0,SCS,SCS_S4_21,SCS.Exp.4,,effective.training,constrained,inefficient,pick.up,yes.mitten,yes.causal,110,f,NA,NA,NA,NA,NA,NA,NA,NA,NA,NA,NA,NA,NA,NA,NA,NA,0,NA,NA,NA,NA,NA,NA,20.8,7.3,5.8,9.7,8.7,9,0.681967,0.45625,0.391892,0.510036,11.3,9.133333,ineff
0,SCS,SCS_S4_22,SCS.Exp.4,,effective.training,constrained,inefficient,pick.up,yes.mitten,yes.causal,97,f,NA,NA,NA,NA,NA,NA,NA,NA,NA,NA,NA,NA,NA,NA,NA,NA,1,NA,NA,NA,NA,NA,NA,10.2,7.3,6.5,6.8,3.7,8.2,0.6,0.663636,0.442177,0.568604,8,6.233333,ineff
0,SCS,SCS_S4_24,SCS.Exp.4,,effective.training,constrained,inefficient,pick.up,yes.mitten,yes.causal,93,f,NA,NA,NA,NA,NA,NA,NA,NA,NA,NA,NA,NA,NA,NA,NA,NA,1,NA,NA,NA,NA,NA,NA,33.6,9.2,14.3,10.2,11,13.8,0.767123,0.455446,0.508897,0.577155,19.033333,11.666667,ineff
0,SCS,SCS_S4_3,SCS.Exp.4,,effective.training,constrained,inefficient,pick.up,yes.mitten,yes.causal,118,m,NA,NA,NA,NA,NA,NA,NA,NA,NA,NA,NA,NA,NA,NA,NA,NA,0,NA,NA,NA,NA,NA,NA,9.8,6.8,2.5,9.3,11.1,2.3,0.513089,0.379888,0.520833,0.47127,6.366667,7.566667,eff
0,SCS,SCS_S4_7,SCS.Exp.4,,effective.training,constrained,inefficient,pick.up,yes.mitten,yes.causal,112,f,NA,NA,NA,NA,NA,NA,NA,NA,NA,NA,NA,NA,NA,NA,NA,NA,0,NA,NA,NA,NA,NA,NA,5.6,7,6.3,20.1,3.2,5.9,0.217899,0.686275,0.516393,0.473522,6.3,9.733333,eff
0,SCS,SCS_S4_8,SCS.Exp.4,,effective.training,constrained,inefficient,pick.up,yes.mitten,yes.causal,103,m,NA,NA,NA,NA,NA,NA,NA,NA,NA,NA,NA,NA,NA,NA,NA,NA,0,NA,NA,NA,NA,NA,NA,21.4,45,11.2,44.1,10.2,7.8,0.326718,0.815217,0.589474,0.577136,25.866667,20.7,ineff
0,SCS,SCS_S5_14,SCS.Exp.5,,effective.training,unconstrained,efficient,pick.up,yes.mitten,yes.causal,93,f,NA,NA,NA,NA,NA,NA,NA,NA,NA,NA,NA,NA,NA,NA,NA,NA,1,NA,NA,NA,NA,NA,NA,7.2,11.7,17,7.6,5.3,5.7,0.486486,0.688235,0.748899,0.641207,11.966667,6.2,ineff
0,SCS,SCS_S5_15,SCS.Exp.5,,effective.training,unconstrained,efficient,pick.up,yes.mitten,yes.causal,114,f,NA,NA,NA,NA,NA,NA,NA,NA,NA,NA,NA,NA,NA,NA,NA,NA,0,NA,NA,NA,NA,NA,NA,7.9,6.4,13.7,6.7,4.8,7.7,0.541096,0.571429,0.640187,0.584237,9.333333,6.4,ineff
0,SCS,SCS_S5_16,SCS.Exp.5,,effective.training,unconstrained,efficient,pick.up,yes.mitten,yes.causal,110,m,NA,NA,NA,NA,NA,NA,NA,NA,NA,NA,NA,NA,NA,NA,NA,NA,0,NA,NA,NA,NA,NA,NA,13.9,19.5,13.1,7.6,14.8,7.4,0.646512,0.568513,0.639024,0.618016,15.5,9.933333,ineff
0,SCS,SCS_S5_17,SCS.Exp.5,,effective.training,unconstrained,efficient,pick.up,yes.mitten,yes.causal,98,f,NA,NA,NA,NA,NA,NA,NA,NA,NA,NA,NA,NA,NA,NA,NA,NA,0,NA,NA,NA,NA,NA,NA,45,45,29.8,16.4,45,45,0.732899,0.5,0.398396,0.543765,39.933333,35.466667,ineff
0,SCS,SCS_S5_18,SCS.Exp.5,,effective.training,unconstrained,efficient,pick.up,yes.mitten,yes.causal,103,m,NA,NA,NA,NA,NA,NA,NA,NA,NA,NA,NA,NA,NA,NA,NA,NA,1,NA,NA,NA,NA,NA,NA,7.1,5.6,7.9,8.3,12.5,6.4,0.461039,0.309392,0.552448,0.44096,6.866667,9.066667,eff
0,SCS,SCS_S5_19,SCS.Exp.5,,effective.training,unconstrained,efficient,pick.up,yes.mitten,yes.causal,114,f,NA,NA,NA,NA,NA,NA,NA,NA,NA,NA,NA,NA,NA,NA,NA,NA,1,NA,NA,NA,NA,NA,NA,17.1,16,10.5,26.3,12.6,19.3,0.394009,0.559441,0.352349,0.435266,14.533333,19.4,eff
0,SCS,SCS_S5_20,SCS.Exp.5,,effective.training,unconstrained,efficient,pick.up,yes.mitten,yes.causal,100,f,NA,NA,NA,NA,NA,NA,NA,NA,NA,NA,NA,NA,NA,NA,NA,NA,0,NA,NA,NA,NA,NA,NA,7.2,9.1,21,13.6,5,39.6,0.346154,0.64539,0.346535,0.446026,12.433333,19.4,eff
0,SCS,SCS_S5_21,SCS.Exp.5,,effective.training,unconstrained,efficient,pick.up,yes.mitten,yes.causal,111,m,NA,NA,NA,NA,NA,NA,NA,NA,NA,NA,NA,NA,NA,NA,NA,NA,0,NA,NA,NA,NA,NA,NA,29.2,9.2,29.9,45,18.2,21.8,0.393531,0.335766,0.578337,0.435878,22.766667,28.333333,eff
0,SCS,SCS_S5_22,SCS.Exp.5,,effective.training,unconstrained,efficient,pick.up,yes.mitten,yes.causal,109,m,NA,NA,NA,NA,NA,NA,NA,NA,NA,NA,NA,NA,NA,NA,NA,NA,0,NA,NA,NA,NA,NA,NA,4.4,7.7,5.1,6,6.4,6.5,0.423077,0.546099,0.439655,0.46961,5.733333,6.3,eff
0,SCS,SCS_S5_23,SCS.Exp.5,,effective.training,unconstrained,efficient,pick.up,yes.mitten,yes.causal,98,m,NA,NA,NA,NA,NA,NA,NA,NA,NA,NA,NA,NA,NA,NA,NA,NA,0,NA,NA,NA,NA,NA,NA,45,45,45,45,45,45,0.5,0.5,0.5,0.5,45,45,eff
0,SCS,SCS_S5_24,SCS.Exp.5,,effective.training,unconstrained,efficient,pick.up,yes.mitten,yes.causal,102,f,NA,NA,NA,NA,NA,NA,NA,NA,NA,NA,NA,NA,NA,NA,NA,NA,1,NA,NA,NA,NA,NA,NA,3,4.3,4.6,4.4,7.9,4.2,0.405405,0.352459,0.522727,0.426864,3.966667,5.5,eff
0,SCS,SCS_S5_25,SCS.Exp.5,,effective.training,unconstrained,efficient,pick.up,yes.mitten,yes.causal,106,f,NA,NA,NA,NA,NA,NA,NA,NA,NA,NA,NA,NA,NA,NA,NA,NA,1,NA,NA,NA,NA,NA,NA,11.4,5.5,7.7,17.2,14.7,5.4,0.398601,0.272277,0.587786,0.419555,8.2,12.433333,eff
0,SCS,SCS_S5_8,SCS.Exp.5,,effective.training,unconstrained,efficient,pick.up,yes.mitten,yes.causal,105,f,NA,NA,NA,NA,NA,NA,NA,NA,NA,NA,NA,NA,NA,NA,NA,NA,1,NA,NA,NA,NA,NA,NA,10.1,11.8,10.9,4.8,9,13.3,0.677852,0.567308,0.450413,0.565191,10.933333,9.033333,ineff
0,SCS,SCS_S5_1,SCS.Exp.5,,effective.training,unconstrained,inefficient,pick.up,yes.mitten,yes.causal,115,m,NA,NA,NA,NA,NA,NA,NA,NA,NA,NA,NA,NA,NA,NA,NA,NA,0,NA,NA,NA,NA,NA,NA,2.7,14.4,8.2,9.9,5.8,4.9,0.214286,0.712871,0.625954,0.517704,8.433333,6.866667,ineff
0,SCS,SCS_S5_10,SCS.Exp.5,,effective.training,unconstrained,inefficient,pick.up,yes.mitten,yes.causal,119,m,NA,NA,NA,NA,NA,NA,NA,NA,NA,NA,NA,NA,NA,NA,NA,NA,1,NA,NA,NA,NA,NA,NA,6.9,5,7.4,9.7,29.7,9.5,0.415663,0.144092,0.43787,0.332542,6.433333,16.3,eff
0,SCS,SCS_S5_11,SCS.Exp.5,,effective.training,unconstrained,inefficient,pick.up,yes.mitten,yes.causal,103,f,NA,NA,NA,NA,NA,NA,NA,NA,NA,NA,NA,NA,NA,NA,NA,NA,1,NA,NA,NA,NA,NA,NA,5.7,6.6,7,6.8,8.3,4,0.456,0.442953,0.636364,0.511772,6.433333,6.366667,ineff
0,SCS,SCS_S5_12,SCS.Exp.5,,effective.training,unconstrained,inefficient,pick.up,yes.mitten,yes.causal,122,f,NA,NA,NA,NA,NA,NA,NA,NA,NA,NA,NA,NA,NA,NA,NA,NA,0,NA,NA,NA,NA,NA,NA,9.8,8.6,10.8,13.4,2.8,6.9,0.422414,0.754386,0.610169,0.595656,9.733333,7.7,ineff
0,SCS,SCS_S5_13,SCS.Exp.5,,effective.training,unconstrained,inefficient,pick.up,yes.mitten,yes.causal,105,f,NA,NA,NA,NA,NA,NA,NA,NA,NA,NA,NA,NA,NA,NA,NA,NA,1,NA,NA,NA,NA,NA,NA,8.2,9.8,13.9,13.6,24.1,15.3,0.376147,0.289086,0.476027,0.38042,10.633333,17.666667,eff
0,SCS,SCS_S5_2,SCS.Exp.5,,effective.training,unconstrained,inefficient,pick.up,yes.mitten,yes.causal,118,m,NA,NA,NA,NA,NA,NA,NA,NA,NA,NA,NA,NA,NA,NA,NA,NA,0,NA,NA,NA,NA,NA,NA,10.1,5.4,6.3,6.6,6.6,2.9,0.60479,0.45,0.684783,0.579858,7.266667,5.366667,ineff
0,SCS,SCS_S5_26,SCS.Exp.5,,effective.training,unconstrained,inefficient,pick.up,yes.mitten,yes.causal,102,f,NA,NA,NA,NA,NA,NA,NA,NA,NA,NA,NA,NA,NA,NA,NA,NA,0,NA,NA,NA,NA,NA,NA,13.3,28.1,7.5,22.6,12.8,13.4,0.370474,0.687042,0.358852,0.472122,16.3,16.266667,ineff
0,SCS,SCS_S5_3,SCS.Exp.5,,effective.training,unconstrained,inefficient,pick.up,yes.mitten,yes.causal,122,m,NA,NA,NA,NA,NA,NA,NA,NA,NA,NA,NA,NA,NA,NA,NA,NA,1,NA,NA,NA,NA,NA,NA,6.7,12,11.5,4.7,11.3,3.8,0.587719,0.515021,0.751634,0.618125,10.066667,6.6,ineff
0,SCS,SCS_S5_4,SCS.Exp.5,,effective.training,unconstrained,inefficient,pick.up,yes.mitten,yes.causal,110,m,NA,NA,NA,NA,NA,NA,NA,NA,NA,NA,NA,NA,NA,NA,NA,NA,0,NA,NA,NA,NA,NA,NA,24,8.9,45,9.4,7.2,1.5,0.718563,0.552795,0.967742,0.746367,25.966667,6.033333,ineff
0,SCS,SCS_S5_5,SCS.Exp.5,,effective.training,unconstrained,inefficient,pick.up,yes.mitten,yes.causal,114,m,NA,NA,NA,NA,NA,NA,NA,NA,NA,NA,NA,NA,NA,NA,NA,NA,0,NA,NA,NA,NA,NA,NA,19.3,7.4,6.5,8.5,12.7,10.2,0.694245,0.368159,0.389222,0.483875,11.066667,10.466667,ineff
0,SCS,SCS_S5_6,SCS.Exp.5,,effective.training,unconstrained,inefficient,pick.up,yes.mitten,yes.causal,100,m,NA,NA,NA,NA,NA,NA,NA,NA,NA,NA,NA,NA,NA,NA,NA,NA,0,NA,NA,NA,NA,NA,NA,14.7,6.1,17.1,6.7,11.8,26,0.686916,0.340782,0.396752,0.474817,12.633333,14.833333,eff
0,SCS,SCS_S5_7,SCS.Exp.5,,effective.training,unconstrained,inefficient,pick.up,yes.mitten,yes.causal,100,m,NA,NA,NA,NA,NA,NA,NA,NA,NA,NA,NA,NA,NA,NA,NA,NA,0,NA,NA,NA,NA,NA,NA,25.5,6.1,11.6,8.2,11.2,9.7,0.756677,0.352601,0.544601,0.551293,14.4,9.7,ineff
0,SCS,SCS_S5_9,SCS.Exp.5,,effective.training,unconstrained,inefficient,pick.up,yes.mitten,yes.causal,96,f,NA,NA,NA,NA,NA,NA,NA,NA,NA,NA,NA,NA,NA,NA,NA,NA,0,NA,NA,NA,NA,NA,NA,8.5,31.2,38.5,34.1,36.3,26.5,0.199531,0.462222,0.592308,0.41802,26.066667,32.3,eff